Oddswar,Roobet,Confidence
Orgryte,Orgryte IS,100.0
Oddevold,IK Oddevold,100.0
Degerfors,Degerfors IF,100.0
Halmstads,Halmstads BK,100.0
Metalul Buzau,AFC Metalul Buzau,100.0
Sandvikens,Sandvikens IF,100.0
Trelleborgs,Trelleborgs FF,100.0
Chindia Targoviste,AFC Chindia Targoviste,100.0
FK Banga Gargzdu,FK Banga Gargzdai,100.0
Gimcheon Sangmu,Gimcheon Sangmu FC,100.0
Bul FC,Bula FC,100.0
Vasteras SK,Vasteraas SK,100.0
A.D. Cofutpa,AD Cofutpa,100.0
A.S. Gosier,AS Gosier,100.0
AC Bra,AC Bra,100.0
AC Horsens,AC Horsens,100.0
AC Milan,AC Milan,100.0
AC Monza,AC Monza,100.0
AC Ospitaletto,Acd Ospitaletto,100.0
AC Oulu,AC Oulu,100.0
ACS Dumbravita,CSC Dumbravita,100.0
ACS Petrolul 52,FC Petrolul Ploiesti,100.0
AD Aserri,Aserri FC,100.0
AD Bahia de Feira,AD Bahia de Feira BA,100.0
AD Cariari Pococi,AD Cariari Pococi,100.0
AD Ceuta FC,AD Ceuta,100.0
AD Jequie,AD Jequie BA,100.0
AD Municipal Liberia,Municipal Liberia,100.0
AD Sarchi,AD Sarchi,100.0
ADO Den Haag,ADO Den Haag,100.0
ADR Jicaral,Adr Jicaral,100.0
AEK Athens,AEK Athens,100.0
AEK Larnaca,AEK Larnaca,100.0
AFC Amsterdam,Amsterdamsche FC,100.0
AFC Wimbledon,AFC Wimbledon,100.0
AIK,AIK,100.0
AL Arabi (Qat),Al Arabi Doha SC,100.0
AL Shamal,Al-Shamal,100.0
AS Camberene,AS Camberene,100.0
AS Maniema,AS Maniema,100.0
AS Pikine,AS Pikine,100.0
ASD Pineto Calcio,Asd Pineto Calcio,100.0
ASM Oran,ASM Oran,100.0
ASO Chlef,ASO Chlef,100.0
AVS Futebol SAD,AVS Futebol SAD,100.0
AZ Alkmaar,AZ Alkmaar,100.0
AZ Picerno ASD,AZ Picerno,100.0
Aarau,FC Aarau,100.0
Aarhus Fremad,Aarhus Fremad,100.0
Aberdeen,Aberdeen FC,100.0
Abia Warriors,Abia Warriors FC,100.0
Academia Anzoategui FC,Academia Anzoategui FC,100.0
Academico de Viseu,Academico de Viseu FC,100.0
Accrington,Accrington Stanley,100.0
Ad Carmelita,AD Carmelita,100.0
Ad San Carlos,AD San Carlos,100.0
Adana Demirspor,Adana Demirspor,100.0
Adelaide United,Adelaide United FC,100.0
Admira Wacker,FC Admira Wacker Modling,100.0
Aguilas Doradas,Aguilas Doradas Rionegro,100.0
Airdrieonians,Airdrieonians FC,100.0
Ajax,Ajax Amsterdam,100.0
Ajman Club,Ajman Club,100.0
Al Ahli (UAE),AL Arabi (UAE),100.0
Al Ahly Cairo,AL Ahly SC,100.0
Al Ain,Al Ain FC,100.0
Al Bataeh,AL Bataeh (UAE),100.0
Al Bidda,AL Bidda SC,100.0
Al Budaiya,AL Budaiya,100.0
Al Dhafra,Al Dhafra SSC,100.0
Al Fahaheel FC,Al-Fahaheel,100.0
Al Gharafa,Al Gharafa SC,100.0
Al Hala,AL Hala,100.0
Al Hamriyah,Al-Hamriyah,100.0
Al Hidd,Al Hidd,100.0
Al Hilal Omdurman,Al-Hilal Omdurman,100.0
Al Jahra,Al Jahra,100.0
Al Jazira,Al Jazira (UAE),100.0
Al Jazira Al Hamra,AL Jazira AL Hamra,100.0
Al Khalidiyah,Al-Khaldiya SC,100.0
Al Kharitiyath,Al Kharaitiyat SC,100.0
Al Khor,Al-Khor SC,100.0
Al Madina Al Monawara SC,Al Madina Al Monawara SC,100.0
Al Markhiya,AL Markhiya,100.0
Al Merreikh,Al Merreikh,100.0
Al Mesaimeer,Al Mesaimeer,100.0
Al Mokawloon,Al Mokawloon Al Arab,100.0
Al Nahdha,Al Nahda,100.0
Al Najma Club,Al-Najma,100.0
Al Nassr,Al Nassr Club,100.0
Al Nassr FC Riyadh,Al-Nassr Riyadh,100.0
Al Orubah,Al-Orobah,100.0
Al Rayyan,Al Rayyan SC,100.0
Al Riffa,Al Riffa,100.0
Al Riyadh SC,Al-Riyadh SC,100.0
Al Sadd,Al Sadd SC,100.0
Al Sailiya,Al-Sailiya SC,100.0
Al Salmiyah,Al-Salmiya SC,100.0
Al Seeb,Al-Seeb,100.0
Al Shabab,Al Shabab,100.0
Al Shahaniya,Al Shahaniya,100.0
Al Sharjah,Sharjah FC,100.0
Al Tadamun Buri,AL Tadamun Buri,100.0
Al Tadhamon,AL Tadhamon,100.0
Al Wasl,Al Wasl FC,100.0
Al Zawraa,Al Zawraa,100.0
Al-Adalh,Al-Adalah,100.0
Al-Akhdoud,Al-Akhdoud Club,100.0
Al-Duhail SC,Al Duhail SC,100.0
Al-Ettifaq,Al-Ittifaq FC,100.0
Al-Fateh (KSA),Al-Fateh SC,100.0
Al-Feiha,Al-Fayha,100.0
Al-Fujairah FC,Fujairah FC,100.0
Al-Hazm (KSA),Al-Hazm,100.0
Al-Hilal,Al Hilal SFC,100.0
Al-Ittifaq Maqaba,AL Ittifaq,100.0
Al-Ittihad,Al-Ittihad FC,100.0
Al-Ittihad Kalba,Ittihad Kalba FC,100.0
Al-Khaboora,Al-Khaboora,100.0
Al-Khaleej Saihat,Al-Khaleej Club,100.0
Al-Kholood Club,Al-Kholood,100.0
Al-Masry,Al Masry Club,100.0
Al-Muharraq,Al-Muharraq SC,100.0
Al-Nasr,Al Naser,100.0
Al-Qadsia,Qadsia SC,100.0
Al-Quadisiya (KSA),Al-Qadisiyah,100.0
Al-Rustaq,Al-Rustaq,100.0
Al-Sadd,Al Sadd SC,100.0
Al-Shabab (KSA),Al-Shabab FC,100.0
Al-Shabbab (BRN),Al-Shabbab,100.0
Al-Taawoun Buraidah,Al-Taawoun FC,100.0
Al-Thaid,Al-Dhaid,100.0
Al-Wakra,AL Wakrah SC,100.0
Al-Wehdat,Al-Wehda,100.0
Alagoinhas AC,Alagoinhas AC BA,100.0
Alanyaspor,Aytemiz Alanyaspor,100.0
Alaves,Alaves,100.0
Albacete,Albacete Balompie,100.0
Albinoleffe,US Albinoleffe,100.0
Albion FC,Albion FC,100.0
Albirex Niigata,Albirex Niigata,100.0
Alcoyano,Alcoyano,100.0
Aldershot,Aldershot Town FC,100.0
Aldosivi,CA Aldosivi,100.0
Algeria,Algeria,100.0
Aliaga Futbol AS,Aliaga Futbol,100.0
Alianza Atletico,Alianza Atletico,100.0
Alianza FC (Pan),Alianza FC Panama,100.0
Alianza FC Panama,Alianza FC Panama,100.0
Alianza FC Valledupar,Alianza FC Valledupar,100.0
Alianza Lima,Alianza Lima,100.0
All Boys,CA All Boys,100.0
Almere City,Almere City FC,100.0
Almeria,UD Almeria,100.0
Almirante Brown,Almirante Brown,100.0
Altamura,Team Altamura,100.0
Altrincham,Altrincham FC,100.0
Amazulu,AmaZulu FC,100.0
Amed Sportif Faaliyetle,Amed Sportif Faaliyetler,100.0
America MG,America FC MG,100.0
America de Cali S.A,America de Cali,100.0
Amiens,Amiens SC,100.0
Anapolis GO,Anapolis FC GO,100.0
Anderlecht,RSC Anderlecht,100.0
Anderlecht B,RSC Anderlecht B,100.0
Andorra CF,FC Andorra,100.0
Angers,Angers SCO,100.0
Angola,Angola,100.0
Annecy,FC Annecy,100.0
Antalyaspor,Antalyaspor,100.0
Antofagasta,CD Antofagasta,100.0
Antwerp,Royal Antwerp FC,100.0
Arabe Unido,CD Arabe Unido,100.0
Araguaina,Araguaina TO,100.0
Araz Nakhchivan PFK,Araz Nakhchivan PFK,100.0
Arbroath,Arbroath FC,100.0
Arema Cronus,Arema Cronous,100.0
Arezzo,SS Arezzo,100.0
Argentina,Argentina,100.0
Argentino Monte Maiz,CD Argentino Monte Maiz,100.0
Argentinos Juniors,Argentinos Juniors,100.0
Arka Gdynia,MKS Arka Gdynia,100.0
Arminia Bielefeld,Arminia Bielefeld,100.0
Arouca,FC Arouca,100.0
Arsenal,Arsenal FC,100.0
Arzignanochiampo,FC Arzignano Valchiampo,100.0
Asociacion Deportiva T,Asociacion Deportiva Tarma,100.0
Aston Villa,Aston Villa FC,100.0
Atalanta,Atalanta BC,100.0
Athletic Bilbao,Athletic Bilbao,100.0
Athletic Club,Athletic Club MG,100.0
Athlone Town,Athlone Town AFC,100.0
Atl Tucuman,Atletico Tucuman,100.0
Atlantico FC,Atlantico,100.0
Atlas,Atlas FC,100.0
Atletic Club Escaldes,Atletic Club d'Escaldes,100.0
Atletico Baleares,CD Atletico Baleares,100.0
Atletico Bucaramanga,CA Bucaramanga,100.0
Atletico Cajazeirense,Atletico Cajazeirense,100.0
Atletico Grau,Atletico Grau,100.0
Atletico MG,Atletico Mineiro MG,100.0
Atletico Madrid,Atletico Madrid,100.0
Atletico Nacional Medellin,Atletico Nacional Medellin,100.0
Atletico Rafaela,Atletico de Rafaela,100.0
Atletico San Luis,Atletico San Luis,100.0
Aubagne FC,Aubagne FC,100.0
Auchinleck Talbot,Auchinleck Talbot,100.0
Auckland FC,Auckland FC,100.0
Auckland FC II,Auckland FC II,100.0
Audace Cerignola,Audace Cerignola,100.0
Audax Italiano,Audax Italiano,100.0
Augsburg,FC Augsburg,100.0
Austin FC,Austin FC,100.0
Australia,Australia,100.0
Austria,Austria,100.0
Austria Klagenfurt,SK Austria Klagenfurt,100.0
Austria Wien,FK Austria Wien,100.0
Austria Wien (A),FK Austria Vienna II,100.0
Auxerre,AJ Auxerre,100.0
Avranches,US Avranches,100.0
Ayutthaya United,Ayutthaya United FC,100.0
Az Alkmaar,AZ Alkmaar,100.0
Azam FC,Azam FC,100.0
BG Pathumthani United,BG Pathum United,100.0
Bahla,Bahla Club,100.0
Bahrain SC,AL Bahrain,100.0
Bala Town,Bala Town FC,100.0
Ballinamallard United,Ballinamallard United,100.0
Ballymena,Ballymena United,100.0
Bandirmaspor,Bandirmaspor,100.0
Banfield,CA Banfield,100.0
Bangkok FC,Bangkok FC,100.0
Bangkok Utd,Bangkok United FC,100.0
Bangor,Bangor FC,100.0
Bani Yas,Baniyas Club,100.0
Banik Ostrava,FC Banik Ostrava,100.0
Barcelona,Espanyol Barcelona,100.0
Barcelona (ECU),Barcelona SC,100.0
Barcelona Futebol Clube,Barcelona de Ilheus,100.0
Bare RR,Bare EC RR,100.0
Barnet,Barnet FC,100.0
Barnsley,Barnsley,100.0
Barra FC,Barra FC SC,100.0
Barracas Central,Barracas Central,100.0
Barrow,Barrow AFC,100.0
Barry Town Utd,Barry Town United FC,100.0
Basaksehir,Istanbul Basaksehir,100.0
Bastia,SC Bastia,100.0
Bayelsa United FC,Bayelsa United FC,100.0
Bayern Munich,Bayern Munich,100.0
Becamex Binh Duong,B. Binh Duong,100.0
Beitar Jerusalem,Beitar Jerusalem FC,100.0
Belgrano,CS Belgrano,100.0
Bellinzona,AC Bellinzona,100.0
Belouizdad,CR Belouizdad,100.0
Benevento,Benevento Calcio,100.0
Benfica,SL Benfica,100.0
Benfica B,SL Benfica B,100.0
Benin,Benin,100.0
Besiktas,Besiktas Istanbul,100.0
Betim Futebol,Betim Futebol MG,100.0
Betis,Betis,100.0
Beyoglu Yeni Carsi,Beyoglu Yeni Carsi,100.0
Bhayangkara FC,Bhayangkara,100.0
Biel Bienne,FC Biel-Bienne,100.0
Birkirkara,Birkirkara FC,100.0
Birmingham,Birmingham City,100.0
Blackburn,Blackburn Rovers,100.0
Blackpool,Blackpool,100.0
Blaublitz Akita,Blaublitz Akita,100.0
Blooming Santa Cruz,Blooming Santa Cruz,100.0
Bnei Sakhnin,Bnei Sakhnin FC,100.0
Bnei Yehuda,Bnei Yehuda Tel Aviv FC,100.0
Boavista RJ,Boavista SC RJ,100.0
Boca Juniors,Boca Juniors,100.0
Bochum,VfL Bochum,100.0
Bodo Glimt,Bodoe/Glimt,100.0
Bodrumspor,BB Bodrumspor,100.0
Bohemians 1905,Bohemians Prague 1905,100.0
Bologna,Bologna FC,100.0
Boluspor,Boluspor,100.0
Borac Banja Luka,Borac Banja Luka,100.0
Boreham Wood,Boreham Wood FC,100.0
Boston River,CA Boston River,100.0
Boston Utd,Boston United FC,100.0
Botafogo FR,Botafogo FR RJ,100.0
Botafogo PB,Botafogo FC PB,100.0
Botafogo SP,Botafogo FC SP,100.0
Botev Plovdiv,Botev Plovdiv,100.0
Botosani,FC Botosani,100.0
Botswana,Botswana,100.0
Boulogne,US Boulogne,100.0
Bournemouth,AFC Bournemouth,100.0
Boyaca Chico,Boyaca Chico FC,100.0
Brabrand,Brabrand IF,100.0
Brackley Town,Brackley Town FC,100.0
Bradford,Bradford City,100.0
Braga,SC Braga,100.0
Bragantino Clube do Para,Bragantino Clube do Para PA,100.0
Braintree,Braintree Town FC,100.0
Brann,SK Brann,100.0
Braunschweig,Eintracht Braunschweig,100.0
Bray Wanderers,Bray Wanderers AFC,100.0
Brazil,Brazil,100.0
Breidablik,Breidablik Kopavogur,100.0
Brentford,Brentford FC,100.0
Brisbane Roar,Brisbane Roar FC,100.0
Bristol City,Bristol City,100.0
Bristol Rovers,Bristol Rovers,100.0
Briton Ferry Llansawel,Briton Ferry,100.0
Bromley,Bromley FC,100.0
Brommapojkarna,IF Brommapojkarna,100.0
Brusque FC,Brusque FC SC,100.0
Budafoki,Budafoki Mte,100.0
Burgos,Burgos CF,100.0
Buriram Utd,Buriram United,100.0
Burkina Faso,Burkina Faso,100.0
Burnley,Burnley FC,100.0
Burton Albion,Burton Albion,100.0
CA Atlanta,CA Atlanta,100.0
CA Batna,CA Batna,100.0
CA Carlos Renaux,Carlos Renaux SC,100.0
CA Central Norte,CA Central Norte Salta,100.0
CA Claypole,CA Claypole,100.0
CA Colegiales,CA Colegiales,100.0
CA Guemes,CA Guemes,100.0
CA Huracan,CA Huracan,100.0
CA Independiente,CA Independiente Avellaneda,100.0
CA Ituzaingo,Ituzaingo,100.0
CA Platense,CA Platense,100.0
CA San Miguel,CA San Miguel,100.0
CA Temperley,CA Temperley,100.0
CD Castellon,CD Castellon,100.0
CD Maipu,CD Maipu,100.0
CD Universitario,CD Universitario Penonome,100.0
CE Carroi,CE Carroi,100.0
CF America,Club America,100.0
CF Esperanca d'Andorra,CF Esperanca D Andorra,100.0
CF Montreal,CF Montreal,100.0
CFR Cluj,FC CFR 1907 Cluj,100.0
CODM Meknes,CODM Meknes,100.0
CS Afumati,CS Afumati,100.0
CS Cartagines,CS Cartagines,100.0
CS Constantine,CS Constantine,100.0
CS FC Dinamo Bucuresti,FC Dinamo Bucuresti 1948,100.0
CS Gloria 2018 Bistrita-Na,CS Gloria 2018 Bistrita-Nasaud,100.0
CS Herediano,CS Herediano,100.0
CSA Steaua Bucuresti,Csa Steaua Bucuresti,100.0
CSKA Sofia,PFC CSKA Sofia,100.0
CSM Satu Mare,CSM Satu Mare,100.0
Cadiz,Cadiz CF,100.0
Caernarfon Town,Caernarfon Town FC,100.0
Cagliari,Cagliari Calcio,100.0
Cambridge Utd,Cambridge United,100.0
Camelon Juniors,Camelon Juniors,100.0
Cameroon,Cameroon,100.0
Canet Roussillon FC,Canet Roussillon FC,100.0
Cape Verde,Cape Verde,100.0
Capivariano SP,Capivariano FC SP,100.0
Carabobo FC,Carabobo FC,100.0
Caracas,Caracas FC,100.0
Cardiff,Cardiff City,100.0
Cardiff Metropolitan,Cardiff Metropolitan University FC,100.0
Carlisle,Carlisle United,100.0
Carrarese,Carrarese Calcio,100.0
Carrick Rangers,Carrick Rangers,100.0
Cartagines,CS Cartagines,100.0
Casa Pia,Casa Pia Lisbon,100.0
Casertana,Casertana FC,100.0
Catania,Calcio Catania,100.0
Catanzaro,US Catanzaro,100.0
Cavese 1919,Cavese 1919,100.0
Celta Vigo,RC Celta de Vigo,100.0
Celtic,Celtic,100.0
Central Coast Marin,Central Coast Mariners,100.0
Central Coast Mariners,Central Coast Mariners,100.0
Central Cordoba (SdE),CA Central Cordoba SE,100.0
Central Espanol,Central Espanol,100.0
Ceramica Cleopatra,Ceramica Cleopatra,100.0
Cercle Brugge,Cercle Brugge,100.0
Cerezo Osaka,Cerezo Osaka,100.0
Cerro,CA Cerro,100.0
Cerro Largo FC,Cerro Largo FC,100.0
Cerro Porteno,Cerro Porteno,100.0
Cesena,Cesena FC,100.0
Chaco For Ever,CA Chaco For Ever,100.0
Chainat Hornbill,Chainat Hornbill FC,100.0
Chanthaburi FC,Chanthaburi,100.0
Chapecoense,Chapecoense SC,100.0
Charleroi,Royal Charleroi SC,100.0
Charlotte FC,Charlotte FC,100.0
Charlton,Charlton Athletic,100.0
Chateauroux,LB Chateauroux,100.0
Chaves,GD Chaves,100.0
Chelsea,Chelsea FC,100.0
Cheltenham,Cheltenham Town,100.0
Chengdu Rongcheng,Chengdu Rongcheng,100.0
Chesterfield,Chesterfield FC,100.0
Chiangrai Utd,Chiangrai United,100.0
Chicago Fire,Chicago Fire,100.0
Chippa Utd,Chippa United FC,100.0
Chonburi,Chonburi FC,100.0
Chrobry Glogow,Chrobry Glogow,100.0
Cibao FC,Cibao CF,100.0
Cienciano,CS Cienciano,100.0
Cittadella,AS Cittadella,100.0
Ciudad de Bolivar,Club Ciudad de Bolivar,100.0
Clermont,Clermont Foot 63,100.0
Cliftonville,Cliftonville FC,100.0
Club 2 de Mayo,CS 2 de Mayo,100.0
Club 2 de Mayo de PJ,CS 2 de Mayo,100.0
Club Atletico Pantoja,Club Atletico Pantoja,100.0
Club Brugge,Club Brugge,100.0
Club Deportes Santa Cruz,CD Santa Cruz,100.0
Club Independiente Petro,Independiente Petrolero,100.0
Club Necaxa,Club Necaxa,100.0
Club Sportivo Ameliano,Sportivo Ameliano,100.0
Club Tijuana,Club Tijuana de Caliente,100.0
Cobh Ramblers,Cobh Ramblers,100.0
Cobreloa Calama,CD Cobreloa Calama,100.0
Cobresal,Cobresal,100.0
Colchester,Colchester United,100.0
Coleraine,Coleraine FC,100.0
Colo Colo,Colo-Colo,100.0
Colombia,Colombia,100.0
Colwyn Bay,Colwyn Bay,100.0
Comerciantes Unidos,Comerciantes Unidos,100.0
Como,Como 1907,100.0
Comoros,Comoros,100.0
Concarneau,US Concarneau,100.0
Concordia CA,Concordia AC SC,100.0
Concordia Chiajna,CS Concordia Chiajna,100.0
Cong An Ha Noi,Cong An Ha Noi FC,100.0
Connahs Quay,Connah's Quay Nomads FC,100.0
Consultants Desamparados,Futbol Consultants Desamparados,100.0
Coquimbo Unido,Coquimbo Unido,100.0
Cordoba,Cordoba CF,100.0
Corinthians,SC Corinthians SP,100.0
Coritiba,Coritiba FC PR,100.0
Cork City,Cork City FC,100.0
Cosenza,Cosenza Calcio,100.0
Cove Rangers,Cove Rangers FC,100.0
Coventry,Coventry City,100.0
Cracovia Krakow,MKS Cracovia Krakow,100.0
Crawley Town,Crawley Town,100.0
Croatia,Croatia,100.0
Crotone,FC Crotone,100.0
Crusaders,Crusaders FC,100.0
Cruz Azul,CF Cruz Azul,100.0
Cruzeiro MG,Cruzeiro EC MG,100.0
Crvena Zvezda,FK Crvena Zvezda Belgrade,100.0
Crystal Palace,Crystal Palace,100.0
Cs Herediano,CS Herediano,100.0
Cucuta Deportivo,Cucuta Deportivo FC,100.0
Cukaricki,FK Cukaricki Belgrade,100.0
Curacao,Curacao,100.0
Cusco FC,Cusco FC,100.0
DC Utd,DC United,100.0
DR Congo,DR Congo,100.0
Dag and Red,Dagenham and Redbridge,100.0
Dakar Sacre Couer,Dakar Sacre Coeur,100.0
Danubio,Danubio FC,100.0
Daring Brussels,RWDM Brussels 47,100.0
De Graafschap,De Graafschap,100.0
De Treffers,De Treffers Groesbeek,100.0
Debreceni VSC,Debreceni VSC,100.0
Decisao,Decisao PE,100.0
Defence Force FC,Defence Force FC,100.0
Defensa y Justicia,Defensa y Justicia,100.0
Defensor Sporting,Defensor Sporting,100.0
Defensores de Belgrano,Defensores de Belgrano,100.0
Democrata GV,EC Democrata MG,100.0
Den Bosch,FC Den Bosch,100.0
Deportes Concepcion,Deportes Concepcion,100.0
Deportes Iquique,Deportes Iquique,100.0
Deportes Limache,Deportes Limache,100.0
Deportivo Alaves C,Deportivo Alaves,100.0
Deportivo Garcilaso,Deportivo Garcilaso,100.0
Deportivo La Guaira,Deportivo La Guaira,100.0
Deportivo Madryn,Deportivo Madryn,100.0
Deportivo Maldonado,Deportivo Maldonado,100.0
Deportivo Pereira,CS Deportivo Pereira,100.0
Deportivo Recoleta,CD Recoleta,100.0
Deportivo Riestra,Deportivo Riestra,100.0
Deportivo Saprissa,Deportivo Saprissa San Jose,100.0
Deportivo Tachira,Deportivo Tachira,100.0
Deportivo Upala,Deportivo Upala FC,100.0
Derry City,Derry City FC,100.0
Dewa United FC,Dewa United,100.0
Dibba Al-Hisn,Dibba Al-Hisn SC,100.0
Dieppe,Dieppe FC,100.0
Dijon,Dijon FCO,100.0
Dinamo Bucharest,FC Dinamo Bucuresti 1948,100.0
Dinamo Zagreb,GNK Dinamo Zagreb,100.0
Diosgyori,Diosgyori VTK,100.0
Djurgardens,Djurgarden,100.0
Don Bosco Garelli,Don Bosco Garelli United,100.0
Doncaster,Doncaster Rovers,100.0
Dortmund,Borussia Dortmund,100.0
Dukla Banska Bystrica,MFK Dukla Banska Bystrica,100.0
Dukla Prague,Dukla Prague,100.0
Dunajska Streda,DAC 1904 Dunajska Streda,100.0
Dundalk,Dundalk FC,100.0
Dundee,Dundee FC,100.0
Dundee Utd,Dundee United,100.0
Dungannon,Dungannon Swifts,100.0
Dunkerque,USL Dunkerque,100.0
Durban City,Durban City FC 2024,100.0
Dynamo Dresden,Dynamo Dresden,100.0
Dynamo Kiev,FC Dynamo Kyiv,100.0
EC Sao Jose Porto Alegre,EC Sao Jose RS,100.0
EC Vitoria Salvador,EC Vitoria BA,100.0
ENPPI,Enppi Club,100.0
ES Ben Aknoun,Ben Aknoun,100.0
ES Mostaganem,ES Mostaganem,100.0
ES Setif,ES Setif,100.0
ESTAC Troyes,ESTAC Troyes,100.0
East Riffa,East Riffa,100.0
Eastleigh,Eastleigh FC,100.0
Ebbsfleet Utd,Ebbsfleet Wood FC,100.0
Ecuador,Ecuador,100.0
Egypt,Egypt,100.0
Ehime,Ehime FC,100.0
Eibar,SD Eibar,100.0
Eintracht Frankfurt,Eintracht Frankfurt,100.0
El Gounah,El Gouna FC,100.0
El Kanemi Warriors,El Kanemi Warriors,100.0
Elche,Elche CF,100.0
Elfsborg,Elfsborg,100.0
Elgin City FC,Elgin City FC,100.0
Elversberg,SV 07 Elversberg,100.0
Emirates Club,Emirates Club,100.0
Emmen,FC Emmen,100.0
Empoli,Empoli FC,100.0
England,England,100.0
Entella,Virtus Entella,100.0
Entente Feignies Aulnoye FC,Entente Feignies Aulnoye,100.0
Enugu Rangers International,Enugu Rangers International FC,100.0
Enyimba,Enyimba,100.0
Equatorial Guinea,Equatorial Guinea,100.0
Erzurum BB,Erzurumspor FK,100.0
Esbjerg,Esbjerg FB,100.0
Escorpiones FC,CD Escorpiones Belen,100.0
Espanyol,Espanyol,100.0
Esporte Clube de Patos,Esporte de Patos,100.0
Estoril Praia,Estoril Praia,100.0
Estudiantes,CA Estudiantes,100.0
Estudiantes Rio Cuarto,Estudiantes Rio Cuarto,100.0
Estudiantes de Merida,Estudiantes de Merida,100.0
Etihad Al Reef,Etehad Alreef,100.0
Etoile Carouge,Etoile Carouge FC,100.0
Eupen,KAS Eupen,100.0
Europa FC,Europa FC,100.0
Everton,Everton FC,100.0
Excelsior,Excelsior Rotterdam,100.0
Excelsior Maassluis,Excelsior Maassluis,100.0
Exeter,Exeter City,100.0
Eyupspor,Eyupspor,100.0
FAR Rabat,AS FAR Rabat,100.0
FC Ajka,FC Ajka,100.0
FC Ashdod,MS Ashdod,100.0
FC Basel,FC Basel,100.0
FC Black Stars,FC Black Stars,100.0
FC Blau Weiss Linz,Blau-Weiss Linz,100.0
FC Cajamarca,FC Cajamarca,100.0
FC Cartagena,Cartagena,100.0
FC Cincinnati,FC Cincinnati,100.0
FC Copenhagen,FC Copenhagen,100.0
FC Dallas,FC Dallas,100.0
FC Dordrecht,FC Dordrecht,100.0
FC Dziugas,Dziugas,100.0
FC Eindhoven,FC Eindhoven,100.0
FC Gifu,FC Gifu,100.0
FC Goa,FC Goa,100.0
FC Groningen,FC Groningen,100.0
FC Guidonia Montecelio 1937,Guidonia Montecelio 1937 FC,100.0
FC Halifax Town,FC Halifax Town,100.0
FC Heidenheim,1. FC Heidenheim,100.0
FC Holon Yermiyahu,FC Holon Yirmiyahu,100.0
FC Imabari,FC Imabari,100.0
FC Juarez,FC Juarez,100.0
FC Koln,FC Koln,100.0
FC Kosice,FK Kosice,100.0
FC Liefering,FC Liefering,100.0
FC Liege,RFC Liege,100.0
FC Luzern,FC Luzern,100.0
FC Maccabi Kiryat Gat Dudu,FC Maccabi Kiryat Gat Dudu,100.0
FC Machida,Machida Zelvia,100.0
FC Magdeburg,1. FC Magdeburg,100.0
FC Marchfeld Donauauen,FC Marchfeld Donauauen,100.0
FC Metaloglobus Bucuresti,Metaloglobus Bucuresti,100.0
FC Midland,Ferrocarril Midland,100.0
FC Noah,FC Noah Yerevan,100.0
FC Nordsjaelland,FC Nordsjaelland,100.0
FC Ordino,FC Ordino,100.0
FC Osaka,FC Osaka,100.0
FC Oss,FC Oss Roerch,100.0
FC Paradiso,FC Paradiso,100.0
FC Ranger's,FC Rangers,100.0
FC Ryukyu,FC Ryukyu,100.0
FC Santa Coloma,FC Santa Coloma,100.0
FC Seoul,FC Seoul,100.0
FC St Eloi Lupopo,FC Saint Eloi Lupopo,100.0
FC Tokyo,FC Tokyo,100.0
FC Twente,FC Twente Enschede,100.0
FC Utrecht,FC Utrecht,100.0
FC Vaduz,FC Vaduz,100.0
FC Volendam,FC Volendam,100.0
FC Voluntari,SC FC Voluntari,100.0
FC Wil,FC Wil 1900,100.0
FC Zurich,FC Zurich,100.0
FCM TQS Traiskirchen,FCM Traiskirchen,100.0
FCV Dender,FCV Dender EH,100.0
FK Backa Topola,FK TSC Backa Topola,100.0
FK Dukla Praha B,FK Dukla Praha B,100.0
FK IMT Novi Beograd,FK IMT Novi Beograd,100.0
FK Jablonec,FK Jablonec,100.0
FK Javor Ivanjica,FK Javor Ivanjica,100.0
FK Napredak,FK Napredak Krusevac,100.0
FK Novi Pazar,FK Novi Pazar,100.0
FK Pribram,FK Pribram,100.0
FK Radnicki 1923,FK Radnicki 1923 Kragujevac,100.0
FK Spartak,FK Spartak Subotica,100.0
FK Sumqayit,Sumgayit FK,100.0
FUS Rabat,FUS Rabat,100.0
Fafe,AD Fafe,100.0
Falkenbergs,Falkenbergs FF,100.0
Falkirk,Falkirk FC,100.0
Famalicao,FC Famalicao,100.0
Farense,SC Farense,100.0
Farul Constanta,FC Farul Constanta,100.0
Fatih Karagumruk Istanbul,Fatih Karagumruk,100.0
Favoritner AC,Favoritner AC,100.0
Feirense,CD Feirense,100.0
Felgueiras,FC Felgueiras 1932,100.0
Fenerbahce,Fenerbahce Istanbul,100.0
Ferencvaros,Ferencvarosi Budapest,100.0
Ferro Carril Oeste,Ferro Carril Oeste,100.0
Ferroviario,Ferroviario AC CE,100.0
Feyenoord,Feyenoord Rotterdam,100.0
Finn Harps,Finn Harps FC,100.0
Fiorentina,ACF Fiorentina,100.0
First Vienna Fc 1894,First Vienna FC,100.0
Fk Velez Mostar,FK Velez Mostar,100.0
Flamengo,CR Flamengo RJ,100.0
Fleetwood Town,Fleetwood Town,100.0
Flint Town United,Flint Town United,100.0
Floresta EC,Floresta EC CE,100.0
Floriana,Floriana FC,100.0
Fluminense,Fluminense FC RJ,100.0
Forest Green,Forest Green Rovers,100.0
Forli,Forli FC,100.0
Fortaleza EC,Fortaleza Ceif FC,100.0
Fortaleza FC,Fortaleza Ceif FC,100.0
Fortuna Dusseldorf,Fortuna Dusseldorf,100.0
Fortuna Sittard,Fortuna Sittard,100.0
France,France,100.0
Francs Borains,Royal Francs Borains,100.0
Fredericia,FC Fredericia,100.0
Freiburg,SC Freiburg,100.0
Frosinone,Frosinone Calcio,100.0
Fujieda Myfc,Fujieda MYFC,100.0
Fukuoka,Avispa Fukuoka,100.0
Fukushima Utd,Fukushima United FC,100.0
Fulham,Fulham FC,100.0
G-Osaka,Gamba Osaka,100.0
GKS Katowice,GKS Katowice,100.0
GKS Tychy,GKS Tychy,100.0
Gabon,Gabon,100.0
Galatasaray,Galatasaray Istanbul,100.0
Galicia EC,Galicia BA,100.0
Galvez EC,Galvez EC,100.0
Galway Utd,Galway United FC,100.0
Gama,Gama DF,100.0
Gangwon,Gangwon FC,100.0
Gateshead,Gateshead FC,100.0
Gaziantep FK,Gaziantep FK,100.0
Genclerbirligi,Genclerbirligi SK,100.0
Genemuiden,SC Genemuiden,100.0
Genk,KRC Genk,100.0
Genoa,Genoa CFC,100.0
Gent,KAA Gent,100.0
Germany,Germany,100.0
Getafe,Getafe CF,100.0
Ghana,Ghana,100.0
Ghazl El Mahallah,Ghazl El Mahallah,100.0
Giana Erminio,AS Giana Erminio,100.0
Gil Vicente,Gil Vicente Barcelos,100.0
Gillingham,Gillingham FC,100.0
Gimnasia Jujuy,Gimnasia Y Esgrima De Jujuy,100.0
Gimnasia La Plata,Gimnasia Y Esgrima La Plata,100.0
Gimnasia Mendoza,Gimnasia y Esgrima Mendoza,100.0
Gimnasia y Chivilcoy,Gimnasia Chivilcoy,100.0
Girona,Girona FC,100.0
Gks Jastrzebie,GKS Jastrzebie,100.0
Glenavon,Glenavon FC,100.0
Glentoran,Glentoran FC,100.0
Go Ahead Eagles,Go Ahead Eagles,100.0
Goczalkowice-Zdroj,LKS Goczalkowice-Zdroj,100.0
Godoy Cruz,CD Godoy Cruz,100.0
Golden Arrows,Lamontville Golden Arrows,100.0
Gornik Leczna,Gornik Leczna,100.0
Gornik Zabrze,Gornik Zabrze,100.0
Goztepe,Goztepe Izmir,100.0
Granada,Granada CF,100.0
Grasshoppers Zurich,Grasshopper Club Zurich,100.0
Grazer AK,Grazer AK 1902,100.0
Grenada,Grenada,100.0
Grenoble,Grenoble Foot,100.0
Greuther Furth,Greuther Furth,100.0
Grimsby,Grimsby Town,100.0
Guadalajara,CD Guadalajara,100.0
Guadalupe F.C,Guadalupe FC,100.0
Guapore RO,Guapore de Rondonia,100.0
Guarani,Guarani FC SP,100.0
Guarany de Bage,Guarany de Bage FC,100.0
Gubbio,AS Gubbio,100.0
Guediawaye FC,Guediawaye FC,100.0
Guimaraes,Vitoria SC Guimaraes,100.0
Guingamp,EA Guingamp,100.0
Gulf United,Gulf United,100.0
Gzira United FC,Gzira United FC,100.0
HB Koge,HB Koege,100.0
HNK Gorica,HNK Gorica,100.0
HOEK,Hoek,100.0
HSC'21,HSC 21,100.0
Ha Noi FC,Hanoi FC,100.0
Hai Phong,Haiphong FC,100.0
Haiti,Haiti,100.0
Hajduk Split,HNK Hajduk Split,100.0
Hamburger SV,Hamburger SV,100.0
Hammarby,Hammarby IF,100.0
Hamrun Spartans FC,Hamrun Spartans FC,100.0
Hannover,Hannover 96,100.0
Hapoel Afula,Hapoel Afula FC,100.0
Hapoel Beer Sheva,Hapoel Be`er Sheva FC,100.0
Hapoel Eran Hadera,Hapoel Hadera FC,100.0
Hapoel Haifa,Hapoel Haifa FC,100.0
Hapoel Ironi Karmiel,Hapoel Ironi Karmiel,100.0
Hapoel Jerusalem,Hapoel Jerusalem FC,100.0
Hapoel Kfar Saba,Hapoel Kfar Saba FC,100.0
Hapoel Kfar Shelem,Hapoel Kfar Shalem FC,100.0
Hapoel Kiryat Shmona,Hapoel Ironi Kiryat Shmona FC,100.0
Hapoel Nof HaGalil,Hapoel Nof Hagalil FC,100.0
Hapoel Petach Tikva,Hapoel Petah Tikva FC,100.0
Hapoel Raanana,Hapoel Ra`anana FC,100.0
Hapoel Ramat Gan,Hapoel Ramat Gan Givatayim FC,100.0
Hapoel Rishon Lezion,Hapoel Rishon Lezion FC,100.0
Hapoel Tel Aviv,Hapoel Tel Aviv FC,100.0
Hapoel Umm Al Fahm,Hapoel Umm AL Fahm,100.0
Haras El Hodood,Haras El Hodood,100.0
Harrogate Town,Harrogate Town,100.0
Hartberg,TSV Hartberg,100.0
Hartlepool,Hartlepool United,100.0
Hatayspor,Hatayspor Antakya,100.0
Hatta,Hatta SC,100.0
Hauts Lyonnais,FC Hauts Lyonnais,100.0
Haverfordwest County,Haverfordwest County AFC,100.0
Hearts,Hearts,100.0
Heerenveen,SC Heerenveen,100.0
Helmond Sport,Helmond Sport,100.0
Heracles,Heracles Almelo,100.0
Hermannstadt,AFC Hermannstadt,100.0
Herrera FC,Herrera FC,100.0
Hertha Berlin,Hertha BSC,100.0
Hibernian,Hibernian FC,100.0
Hiroshima,Sanfrecce Hiroshima,100.0
Ho Chi Minh City,Ho Chi Minh City FC,100.0
Hoang Anh Gia Lai,Hoang Anh Gia Lai,100.0
Hoffenheim,TSG Hoffenheim,100.0
Holstein Kiel,Holstein Kiel,100.0
Hoogeveen,VV Hoogeveen,100.0
Houston Dynamo,Houston Dynamo,100.0
Hradec Kralove,FC Hradec Kralove,100.0
Hradec Kralove B,FC Hradec Kralove B,100.0
Huachipato,Huachipato,100.0
Huddersfield,Huddersfield Town,100.0
Huesca,SD Huesca,100.0
Huracan,CA Huracan,100.0
Hyderabad FC,Hyderabad FC,100.0
IF Lyseng,IF Lyseng,100.0
IFK Goteborg,IFK Goteborg,100.0
IK Brage,IK Brage,100.0
Ibri,Ibri,100.0
Ikorodu City,Ikorodu City,100.0
Imisli FK,Imisli FK,100.0
Ind Medellin,Independiente Medellin,100.0
Independiente Rivadavia,Independiente Rivadavia,100.0
Ingolstadt,FC Ingolstadt 04,100.0
Inter Club Escaldes,Inter Club de Escaldes,100.0
Inter Miami CF,Inter Miami CF,100.0
Inter Milan (Res),Inter (E),100.0
Inter San Carlos,Inter San Carlos,100.0
Inter de Santa Maria,EC Internacional Santa Maria RS,100.0
Internacional,SC Internacional RS,100.0
Internacional de Bogotá,Internacional de Bogota,100.0
Ipswich,Ipswich Town,100.0
Ironi Modiin,Ironi Modiin,100.0
Ironi Tiberias,Ironi Tiberias,100.0
Isa Town FC,Isa Town,100.0
Ismaily,Ismaily SC,100.0
Istanbulspor,Istanbulspor AS,100.0
Istres,Istres FC,100.0
Itabirito FC,Itabirito FC MG,100.0
Ivory Coast,Ivory Coast,100.0
Iwaki SC,Iwaki FC,100.0
JL Chiangmai United,Chiangmai United,100.0
JS Saoura,JS Saoura,100.0
Jagiellonia Bialystock,Jagiellonia Bialystok,100.0
Jaguares de Cordoba,Jaguares de Cordoba,100.0
Jahn Regensburg,Jahn Regensburg,100.0
Jamaica,Jamaica,100.0
Jamshedpur FC,Jamshedpur FC,100.0
Japan,Japan,100.0
Jef Utd Chiba,JEF United Chiba,100.0
Jeonbuk Motors,Jeonbuk Hyundai Motors FC,100.0
Joinville,Joinville EC SC,100.0
Jong AZ Alkmaar,Jong AZ Alkmaar,100.0
Jong FC Utrecht,Jong FC Utrecht,100.0
Jong PSV Eindhoven,Jong PSV Eindhoven,100.0
Jordan,Jordan,100.0
Juve Stabia,Juve Stabia,100.0
Juventud De Las Piedras,CA Juventud de Las Piedras,100.0
Juventude,EC Juventude RS,100.0
Juventus,Juventus,100.0
KAA Gent II,KAA Gent B,100.0
KF Drita,KF Drita,100.0
KFC Komarno,KFC Komarno,100.0
KFCO Beerschot Wilrijk,K Beerschot VA,100.0
KSV 1919,KSV 1919,100.0
Kabylie,JS Kabylie,100.0
Kagoshima Utd,Kagoshima United,100.0
Kahraba Ismailia,Kahrabaa Ismailia,100.0
Kairat Almaty,FC Kairat Almaty,100.0
Kaiserslautern,1 FC Kaiserslautern,100.0
Kaizer Chiefs,Kaizer Chiefs,100.0
Kalmar FF,Kalmar FF,100.0
Kamatamare Sanuki,Kamatamare Sanuki,100.0
Kanazawa,Zweigen Kanazawa,100.0
Kanchanaburi,Kanchanaburi Power FC,100.0
Kano Pillars FC,Kano Pillars FC,100.0
Karcagi SE,Karcagi SE,100.0
Karlsruhe,Karlsruher SC,100.0
Karvan Evlakh,FK Karvan Yevlakh,100.0
Kasetsart FC,Kasetsart FC,100.0
Kashiwa,Kashiwa Reysol,100.0
Kasimpasa,Kasimpasa Istanbul,100.0
Katsina United,Katsina United FC,100.0
Katwijk,VV Katwijk,100.0
Kayserispor,Kayserispor,100.0
Kazincbarcika,Kazincbarcikai SC,100.0
Kazma SC,Kazma SC,100.0
Keciorengucu,Ankara Keciorengucu,100.0
Kecskemeti,Kecskemeti TE,100.0
Kelty Hearts,Kelty Hearts FC,100.0
Kerala Blasters FC,Kerala Blasters FC,100.0
Kerry FC,Kerry FC,100.0
Kilmarnock,Kilmarnock FC,100.0
Kisvarda,Kisvarda FC,100.0
Kocaelispor,Kocaelispor,100.0
Kolding IF,Kolding IF,100.0
Konyaspor,Konyaspor,100.0
Korona Kielce,Korona Kielce,100.0
Kortrijk,KV Kortrijk,100.0
Kozarmisleny,Kozarmisleny SE,100.0
Kremser SC,Kremser SC,100.0
Kriens,SC Kriens,100.0
Kun Khalifat FC,Kun Khalifat FC,100.0
Kuwait SC,Kuwait SC,100.0
Kwara United,Kwara United,100.0
LD Alajuelense,Liga Deportiva Alajuelense,100.0
LKP Motor Lublin,LKP Motor Lublin,100.0
LKS Lodz,LKS Lodz,100.0
LR Vicenza Virtus,L.R. Vicenza,100.0
La Equidad,CD La Equidad,100.0
Lamphun Warrior,Lamphun Warrior,100.0
Las Palmas,UD Las Palmas,100.0
Lask Linz,LASK Linz,100.0
Lausanne,Lausanne-Sport,100.0
Lazio,Lazio Rome,100.0
Ld Alajuelense,LD Alajuelense,100.0
Le Havre,Le Havre AC,100.0
Le Mans,La Mans FC,100.0
Lecce,US Lecce,100.0
Lecco,Lecco Bari,100.0
Lech Poznan,KKS Lech Poznan,100.0
Lechia Gdansk,KS Lechia Gdansk,100.0
Leganes,CD Leganes,100.0
Legia Warsaw,Legia Warszawa,100.0
Leicester,Leicester City,100.0
Leiria,UD Leiria,100.0
Leixoes,Leixoes SC,100.0
Lens,RC Lens,100.0
Levante,Levante UD,100.0
Leverkusen,Bayer Leverkusen,100.0
Leyton Orient,Leyton Orient London,100.0
Lierse,KFC Lierse,100.0
Lille,Lille OSC,100.0
Lillestrom,Lillestroem SK,100.0
Lincoln,Lincoln City,100.0
Lincoln Red Imps,Lincoln Red Imps,100.0
Linfield,Linfield FC,100.0
Linfield (Res),Linfield,100.0
Lion City Sailors FC,Lion City Sailors FC,100.0
Liverpool,Liverpool FC,100.0
Liverpool Montevideo,Liverpool Montevideo,100.0
Livingston,Livingston FC,100.0
Llanelli Town,Llanelli Town,100.0
Llaneros FC,Llaneros FC,100.0
Lokomotiv Sofia,Lokomotive Sofia,100.0
Lokomotiva,NK Lokomotiva Zagreb,100.0
Lommel,Lommel SK,100.0
Lopburi City FC,Lopburi City,100.0
Lorient,FC Lorient,100.0
Los Angeles FC,Los Angeles FC,100.0
Ludogorets,FC Ludogorets,100.0
Lugano,FC Lugano,100.0
Lumezzane,AC Lumezzane,100.0
Lusail,Lusail SC,100.0
Lusitania Futebol Clube,Lusitania FC Lourosa,100.0
Luton,Luton Town,100.0
Lyon Duchere,Lyon La Duchere,100.0
MAS Maghrib A Fes,Maghreb AS de Fes,100.0
MB Rouissat,MB Rouisset,100.0
MC Alger,MC Alger,100.0
MC El Bayadh,MC El Bayadh,100.0
MC Oran,MC Oran,100.0
MC Saida,MC Saida,100.0
MFK Chrudim,MFK Chrudim,100.0
MFK Karvina,MFK Karvina,100.0
MFK Skalica,MFK Skalica,100.0
MK Kfar Saba 1928,MK Kfar Saba 1928,100.0
MOFA FC,Moca FC,100.0
MS Bnie Jaffa Ortodoxim,Bnei Jaffa Ortodoxim,100.0
MTK Budapest,MTK Budapest,100.0
MVV Maastricht,MVV Maastricht,100.0
Macara,CSD Macara,100.0
Macarthur FC,Macarthur FC,100.0
Maccabi Ahi Nazareth,Maccabi Ahi Nazareth,100.0
Maccabi Bnei Raina,Maccabi Bney Reine,100.0
Maccabi Haifa,Maccabi Haifa FC,100.0
Maccabi Herzliya,Maccabi Herzliya,100.0
Maccabi Kabilio Jaffa,Maccabi Kabilio Jaffa,100.0
Maccabi Kiryat Ata-Bialik,Maccabi Kiryat Ata-Bialik,100.0
Maccabi Netanya,Maccabi Netanya FC,100.0
Maccabi Petach Tikva,Maccabi Petah Tikva FC,100.0
Maccabi Tel Aviv,Maccabi Tel Aviv FC,100.0
Macclesfield,Macclesfield FC,100.0
Madura Utd,Madura United,100.0
Madureira,Madureira RJ,100.0
Magallanes,Deportes Magallanes,100.0
Magesi FC,Magesi FC,100.0
Maguary,Maguary PE,100.0
Mahar United FC,Mahasarakham United FC,100.0
Maharlika Manila FC,Maharlika Taguig FC,100.0
Mahasarakham Sam Bai Tao FC,Mahasarakham United FC,100.0
Mainz,FSV Mainz,100.0
Majd FC,Majd FC,100.0
Malaga,Malaga CF,100.0
Mali,Mali,100.0
Mallorca,RCD Mallorca,100.0
Malmo FF,Malmo FF,100.0
Malut United,Malut United,100.0
Mamelodi Sundowns,Mamelodi Sundowns,100.0
Man City,Manchester City,100.0
Manama Club,Manama Club,100.0
Mansfield,Mansfield Town,100.0
Mantova,Mantova 1911,100.0
Maracana CE,Maracana EC CE,100.0
Maranguape CE,Maranguape CE,100.0
Marbella,Marbella FC,100.0
Maritimo,Maritimo Madeira,100.0
Marsaxlokk FC,Marsaxlokk FC,100.0
Marseille,Olympique Marseille,100.0
Marumo Gallants FC,Marumo Gallants FC,100.0
Mazatlan FC,Mazatlan FC,100.0
Melbourne City,Melbourne City FC,100.0
Melbourne Victory,Melbourne Victory,100.0
Melgar,FBC Melgar,100.0
Mendiola FC,Mendiola FC,100.0
Metropolitanos,Metropolitanos FC,100.0
Metz,FC Metz,100.0
Mexico,Mexico,100.0
Mezokovesd-Zsory,Mezokovesd Zsory SE,100.0
Middlesbrough,Middlesbrough FC,100.0
Midtjylland,FC Midtjylland,100.0
Miedz Legnica,Miedz Legnica,100.0
Millonarios,Millonarios FC,100.0
Millwall,Millwall FC,100.0
Mirandes,CD Mirandes,100.0
Mirassol,Mirassol FC SP,100.0
Mjallby,Mjallby AIF,100.0
Mlada Boleslav,FK Mlada Boleslav,100.0
Mladost Lucani,FK Mladost Lucani,100.0
Modena,Modena FC,100.0
Modern Sport FC,Modern Sport FC,100.0
Mohammedan SC,Mohammedan SC,100.0
Monaco,AS Monaco,100.0
Monagas,Monagas SC,100.0
Monopoli,SS Monopoli,100.0
Monsoon FC,Monsoon FC RS,100.0
Monte Roraima FC,Monte Roraima RR,100.0
Monterrey,CF Monterrey,100.0
Montpellier,Montpellier HSC,100.0
Montrose,Montrose FC,100.0
Morecambe,Morecambe FC,100.0
Moreirense,Moreirense FC,100.0
Morocco,Morocco,100.0
Mosta,Mosta FC,100.0
Motherwell,Motherwell FC,100.0
Mozambique,Mozambique,100.0
Muangthong Utd,Muang Thong United,100.0
Mumbai City FC,Mumbai City,100.0
Municipal Grecia,Municipal Grecia,100.0
Municipal Santa Ana,AD Municipal Santa Ana,100.0
NAC Breda,NAC Breda,100.0
NC Magra,Nc Magra,100.0
NEC Nijmegen,NEC Nijmegen,100.0
NK Brinje Grosuplje,NK Brinje Grosuplje,100.0
NK Celje,NK Celje,100.0
NK Croatia Zmijavci,NK Croatia Zmijavci,100.0
NK Dubrava Zagreb,NK Dubrava Zagreb,100.0
NK Istra,NK Istra 1961,100.0
NK Maribor,NK Maribor,100.0
NK Radomlje,NK Radomlje,100.0
NK Sesvete,NK Sesvete,100.0
Nacional Potosi,CA Nacional Potosi,100.0
Nacional de Patos,Nacional PB,100.0
Naestved,Naestved BK,100.0
Nagano Parceiro,AC Nagano Parceiro,100.0
Nairobi United,Nairobi United FC,100.0
Nakhon Pathom,Nakhon Pathom United FC,100.0
Nakhon Ratchasima,Nakhon Ratchasima FC,100.0
Nakhon Si United F.C.,Nakhon SI United,100.0
Nam Dinh,Nam Dinh FC,100.0
Nantes,FC Nantes,100.0
Napoli,SSC Napoli,100.0
Nara Club,Nara Club,100.0
Nasarawa United,Nasarawa United,100.0
Nashville SC,Nashville SC,100.0
National Bank,National Bank of Egypt SC,100.0
Nautico PE,Nautico PE,100.0
Necaxa,Club Necaxa,100.0
Neftchi Baku,Neftchi Baku PFC,100.0
Netherlands,Netherlands,100.0
Neuchatel Xamax,Neuchatel Xamax,100.0
New York City,New York City FC,100.0
New York Red Bulls,New York Red Bulls,100.0
Newcastle,Newcastle United,100.0
Newcastle Jets,Newcastle United Jets FC,100.0
Newport County,Newport County,100.0
Nice,OGC Nice,100.0
Niger Tornadoes,Niger Tornadoes FC,100.0
Nigeria,Nigeria,100.0
Ninh Binh,Phu Dong Ninh Binh,100.0
Nk Posusje,HSK Posusje,100.0
Nongbua Pitchaya FC,Nongbua Pitchaya FC,100.0
Northampton,Northampton Town,100.0
Norwich,Norwich City,100.0
Nottm Forest,Nottingham Forest,100.0
Notts Co,Notts County,100.0
Nova Iguacu,Nova Iguacu RJ,100.0
Novara,Novara FC,100.0
Novo Hamburgo,EC Novo Hamburgo RS,100.0
Novorizontino,Gremio Novorizontino SP,100.0
Nublense,Nublense,100.0
Nueva Chicago,Nueva Chicago,100.0
Nuovo Campobasso,Campobasso FC,100.0
Nurnberg,1 FC Nurnberg,100.0
Nyiregyhaza,Nyiregyhaza Spartacus FC,100.0
OFK Beograd,OFK Beograd,100.0
OHiggins,CD O´Higgins,100.0
Odds BK,Odds BK,100.0
Olimpia,Club Olimpia,100.0
Oliveirense,UD Oliveirense,100.0
Olympic Safi,Olympique Club de Safi,100.0
Olympique Akbou,Olympique Akbou,100.0
Olympique Dcheira,Olympique Dcheira,100.0
Oman FC,Oman Club,100.0
Once Caldas,CD Once Caldas,100.0
Orbit College FC,Orbit College FC,100.0
Orebro,Orebro SK,100.0
Orlando City,Orlando City SC,100.0
Orlando Pirates (SA),Orlando Pirates FC,100.0
Orleans,US Orleans,100.0
Osasuna,CA Osasuna,100.0
Osijek,NK Osijek,100.0
Osters,Osters IF,100.0
Ostersunds FK,Ostersunds FK,100.0
Otelul Galati,ASC Otelul Galati,100.0
Oud-Heverlee Leuven,Oud-Heverlee Leuven,100.0
Ourense CF,Ourense CF,100.0
Oviedo,Real Oviedo,100.0
Oxford Utd,Oxford United,100.0
PEC Zwolle,PEC Zwolle,100.0
PFK Turan Tovuz,Turan Tovuz,100.0
PSBS Biak Numfor,PSBS Biak,100.0
PSM Makassar,PSM Makassar,100.0
PVF-Cong An Nhan Dan,PVF-Cong An Nhan Dan,100.0
Pachuca,CF Pachuca,100.0
Pacos Ferreira,FC Pacos Ferreira,100.0
Paderborn,SC Paderborn 07,100.0
Padova,Calcio Padova,100.0
Pafos FC,Pafos FC,100.0
Paks,Paksi FC,100.0
Palermo,Palermo FC,100.0
Palestino,CD Palestino,100.0
Panama,Panama,100.0
Panathinaikos,Panathinaikos Athens,100.0
Paola Hibernians FC,Hibernians FC Paola,100.0
Paradou,Paradou AC,100.0
Paraguay,Paraguay,100.0
Pardubice,FK Pardubice,100.0
Paris 13 Atletico,Paris 13 Atletico,100.0
Paris FC,Paris FC,100.0
Paris St-G,Paris Saint-Germain,100.0
Partizan Belgrade,FK Partizan Belgrade,100.0
Patro Eisden Maasmechelen,Patro Eisden Maasmechelen,100.0
Pattani FC,Pattani FC,100.0
Pau,Pau FC,100.0
Penafiel,FC Penafiel,100.0
Penybont FC,Pen-y-Bont FC,100.0
Pergolettese,US Pergolettese Crema,100.0
Perigny,Perigny,100.0
Persebaya Surabaya,Persebaya Surabaya,100.0
Persib Bandung,Persib Bandung,100.0
Persija Jakarta,Persija Jakarta,100.0
Persijap Jepara,Persijap Jepara,100.0
Persik Kediri,Persik Kediri,100.0
Persikota Tangerang,Persita Tangerang,100.0
Persis Solo,Persis Solo,100.0
Persita Tangerang,Persita Tangerang,100.0
Perth Glory,Perth Glory FC,100.0
Peru,Peru,100.0
Pescara,Delfino Pescara,100.0
Peterborough,Peterborough United,100.0
Petrojet,Petrojet FC,100.0
Pharco FC,Pharco FC,100.0
Philadelphia,Philadelphia Union,100.0
Philippine Army FC,Philippine Army,100.0
Phrae United,Phrae United,100.0
Piast Gliwice,GKS Piast Gliwice,100.0
Pisa,Pisa SC,100.0
Plateau United,Plateau United,100.0
Plymouth,Plymouth Argyle,100.0
Podbeskidzie B-B,Podbeskidzie Bielsko-Biała,100.0
Pogon Grodzisk Mazowiecki,Pogon Grodzisk Mazowiecki,100.0
Pogon Siedlce,Pogon Siedlce,100.0
Pogon Szczecin,Pogon Szczecin,100.0
Pohang Steelers,FC Pohang Steelers,100.0
Police Tero,Police Tero FC,100.0
Polokwane City,Polokwane City,100.0
Polonia Bytom,KS Polonia Bytom SA,100.0
Polonia Warszawa,Polonia Warszawa,100.0
Ponte Preta,AA Ponte Preta SP,100.0
Pontivy,Pontivy GSI,100.0
Port FC,Port FC,100.0
Port Vale,Port Vale,100.0
Portadown,Portadown FC,100.0
Portimonense,Portimonense SC,100.0
Portland Timbers,Portland Timbers,100.0
Porto,FC Porto,100.0
Porto B,FC Porto B,100.0
Porto Sport Club,Porto SC BA,100.0
Portsmouth,Portsmouth FC,100.0
Portuguesa RJ,AA Portuguesa RJ,100.0
Portuguesa SP,Portuguesa FC,100.0
Pouso Alegre,Pouso Alegre MG,100.0
Prachuap,Prachuap FC,100.0
Preussen Munster,SC Preussen 06 Munster,100.0
Primavera MT,EC Primavera MT,100.0
Prime Bangkok,Prime Bangkok FC,100.0
Pro Vercelli,Pro Vercelli 1892,100.0
Progreso,CA Progreso,100.0
Psim Yogyakarta,Psim Yogyakarta,100.0
Puebla,Club Puebla,100.0
Puerto Cabello,Academia Puerto Cabello,100.0
Pumas UNAM,Pumas UNAM,100.0
Punjab FC,Punjab FC,100.0
Puntarenas F.C.,Puntarenas FC,100.0
Puskas Akademia,Puskas Akademia FC Felcsut,100.0
Pusta Polom,Pusta Polom,100.0
Puszcza Niepolomice,Puszcza Niepolomice,100.0
Pyramids,Pyramids FC,100.0
Qarabag FK,Qarabag FK,100.0
Qatar,Qatar,100.0
Qatar SC,Qatar SC,100.0
Queens Park,Queens Park FC,100.0
Quepos Cambute,Quepos Cambute,100.0
Queretaro,Queretaro FC,100.0
Quess East Bengal,SC East Bengal,100.0
Quevilly Rouen,Quevilly-Rouen Metropole,100.0
Quilmes,Quilmes AC,100.0
Quixada FC,Quixada CE,100.0
RAAL La Louviere,Raal La Louviere,100.0
RB Leipzig,RB Leipzig,100.0
RKC Waalwijk,RKC Waalwijk,100.0
RSB Berkane,RSB Berkane,100.0
Racing Club,Racing Club Avellaneda,100.0
Racing Santander,Racing Santander,100.0
Radnicki Nis,FK Radnicki Nis,100.0
Radnik Surdulica,FK Radnik Surdulica,100.0
Radomiak Radom,RKS Radomiak Radom,100.0
Rakow Czestochowa,RKS Rakow Czestochowa,100.0
Randers,Randers FC,100.0
Rangers,Rangers FC,100.0
Raon l'Etape,US Raon L Etape,100.0
Rapid Bucharest,Rapid Bucuresti 1923,100.0
Rapid Vienna (Am),Rapid Wien II,100.0
Rapperswil-Jona,FC Rapperswil-Jona,100.0
Rasi Salai United FC,Rasisalai United,100.0
Ratchaburi,Ratchaburi FC,100.0
Ravenna,Ravenna FC 1913,100.0
Rayo Vallecano,Rayo Vallecano,100.0
Rayo Zuliano,Deportivo Rayo Zuliano,100.0
Rayong FC,Rayong FC,100.0
Reading,Reading FC,100.0
Real Madrid,Real Madrid,100.0
Real Murcia,Real Murcia CF,100.0
Real Salt Lake,Real Salt Lake,100.0
Real Sociedad,Real Sociedad,100.0
Red Bull Bragantino,Red Bull Bragantino SP,100.0
Red Bull Salzburg,FC RB Salzburg,100.0
Red Star,Red Star FC,100.0
Reggiana,Reggiana 1919,100.0
Remo Stars,Remo Stars,100.0
Renate,AC Renate,100.0
Renofa Yamaguchi,Renofa Yamaguchi,100.0
Richards Bay FC,Richards Bay FC,100.0
Rijeka,HNK Rijeka,100.0
Rio Ave,Rio Ave FC,100.0
River Plate,CA River Plate,100.0
Rivers United FC,Rivers United FC,100.0
Rizespor,Caykur Rizespor,100.0
Rochdale,Rochdale AFC,100.0
Roda JC,Roda JC Kerkrade,100.0
Roma,AS Roma,100.0
Rosario Central,CA Rosario Central,100.0
Roskilde,FC Roskilde,100.0
Ross Co,Ross County FC,100.0
Rotherham,Rotherham United,100.0
Rouen,FC Rouen,100.0
Rubio Nu,Rubio Nu,100.0
Ruch Chorzow,Ruch Chorzow,100.0
Ruzomberok,MFK Ruzomberok,100.0
S.S.D. Casarano Calcio,S.S.D. Casarano Calcio,100.0
SA Merignac,SA Merignac,100.0
SC Austria Lustenau,SC Austria Lustenau,100.0
SC Kiryat Yam,MSK Kiryat Yam,100.0
SC Lokeren-Temse,KSC Lokeren Temse,100.0
SC Telstar,SC Telstar,100.0
SC Weiz,SC Weiz,100.0
SCR Altach,SCR Altach,100.0
SD Juazeirense,SD Juazeirense BA,100.0
SE Palmeiras,SE Palmeiras SP,100.0
SER Caxias do Sul,SER Caxias do Sul,100.0
SFC Opava,SFC Opava,100.0
SK Artis Brno,SK Artis Brno,100.0
SK Kladno,SK Kladno,100.0
SK Sturm Graz II,SK Sturm Graz II,100.0
SKU Amstetten,SKU Amstetten,100.0
SS Virtus Verona 1921,Virtus Verona,100.0
SSD Bari,SSC Bari,100.0
SSD Dolomiti Bellunesi,Dolomiti Bellunesi,100.0
SV Austria Salzburg,Austria Salzburg,100.0
SV Darmstadt,SV Darmstadt 98,100.0
SV Donau,SV Donau,100.0
SV Lafnitz,SV Lafnitz,100.0
SV Lebring,SV Lebring,100.0
SV Leobendorf,SV Leobendorf,100.0
SV Oberwart,SV Oberwart,100.0
SV Ried,SV Ried,100.0
SV River Plate,River Plate (E),100.0
SV Schwechat,SV Schwechat,100.0
SV Tillmitsch,SV Tillmitsch,100.0
Sagamihara,SC Sagamihara,100.0
Saham,Saham,100.0
Sakaryaspor,Sakaryaspor,100.0
Salcedo FC,Salcedo FC,100.0
Salernitana,US Salernitana,100.0
Salford City,Salford City,100.0
Samail,Samail SC,100.0
Sambenedettese,US Sambenedettese,100.0
Sampaio Correa FE RJ,Sampaio Correa FE RJ,100.0
Sampdoria,Sampdoria Genoa,100.0
Samsunspor,Samsunspor,100.0
San Antonio Bulo Bulo,San Antonio Bulo Bulo,100.0
San Diego FC,San Diego FC,100.0
San Francisco FC,San Francisco FC,100.0
San Jose Earthquakes,San Jose Earthquakes,100.0
San Marcos,San Marcos de Arica,100.0
San Martin De San Juan,San Martin de San Juan,100.0
San Martin de Tucuman,San Martin de Tucuman,100.0
San Pedro FC,FC San Pedro,100.0
San Telmo,San Telmo,100.0
Santa Catarina FC,Santa Catarina Clube SC,100.0
Santa Clara,Santa Clara Azores,100.0
Santa Cruz PE,Santa Cruz FC PE,100.0
Santos,Santos FC SP,100.0
Santos Laguna,Club Laguna Saf,100.0
Sao Bernardo,Sao Bernardo FC,100.0
Sao Luiz,EC Sao Luiz RS,100.0
Sao Paulo,Sao Paulo FC SP,100.0
Sarmiento de Junin,CA Sarmiento Junin,100.0
Sassuolo,Sassuolo Calcio,100.0
Saudi Arabia,Saudi Arabia,100.0
Schalke 04,Schalke 04,100.0
Schalke 04 II,FC Schalke 04 II,100.0
Scotland,Scotland,100.0
Scunthorpe,Scunthorpe United,100.0
Sderot FC,Sderot FC,100.0
Seattle Sounders,Seattle Sounders,100.0
Sekhukhune United,Sekhukhune United,100.0
Semen Padang,Semen Padang FC,100.0
Senegal,Senegal,100.0
Seoul E-Land FC,Seoul E-Land FC,100.0
Sepahan,Sepahan SC,100.0
Serra Branca EC,Serra Branca,100.0
Servette,Servette Geneva,100.0
Sevilla,Sevilla FC,100.0
Shakhtar,Shakhtar Donetsk,100.0
Shamakhi FK,Shamakhi FK,100.0
Shamrock Rovers,Shamrock Rovers,100.0
Shan United,Shan United,100.0
Shanghai Port FC,Shanghai Port FC,100.0
Shanghai Shenhua,Shanghai Shenhua FC,100.0
Shb Da Nang,SHB Da Nang,100.0
Sheff Utd,Sheffield United,100.0
Sheff Wed,Sheffield Wednesday,100.0
Shelbourne,Shelbourne FC,100.0
Shkendija,Shkendija Tetovo,100.0
Shooting Stars,Shooting Stars,100.0
Shrewsbury,Shrewsbury Town,100.0
Sigma Olomouc,SK Sigma Olomouc,100.0
Silkeborg,Silkeborg IF,100.0
Simba,Simba SC,100.0
Singida Black Stars SC,Singida Black Stars SC,100.0
Sint Truiden,St. Truidense VV,100.0
Sion,FC Sion,100.0
Siracusa,Siracusa,100.0
Sirius,IK Sirius,100.0
Siroki Brijeg,NK Siroki Brijeg,100.0
Sisaket United,Sisaket United FC,100.0
Sivasspor,Sivasspor,100.0
Siwelele FC,Siwelele FC,100.0
Skive,Skive IK,100.0
Slask Wroclaw,WKS Slask Wroclaw,100.0
Slask Wroclaw II,Slask II Wroclaw,100.0
Slaven Belupo,NK Slaven Belupo,100.0
Slavia Prague,Slavia Prague,100.0
Sliema Wanderers FC,Sliema Wanderers,100.0
Sligo Rovers,Sligo Rovers FC,100.0
Slovan Bratislava,SK Slovan Bratislava,100.0
Slovan Liberec,FC Slovan Liberec,100.0
Smouha,Smouha SC,100.0
Sociedad B,Real Sociedad B,100.0
Sohar,Sohar,100.0
Solihull Moors,Solihull Moors FC,100.0
Sonacos,Sonacos,100.0
SonderjyskE,Soenderjyske,100.0
Song Lam Nghe An,Song Lam Nghe An,100.0
Songkla FC,Songkhla United FC,100.0
Soroksar,Soroksar SC,100.0
South Africa,South Africa,100.0
Southampton,Southampton FC,100.0
Southend,Southend United,100.0
Spain,Spain,100.0
Spakenburg,SV Spakenburg,100.0
Sparta Prague,Sparta Prague,100.0
Sparta Prague B,Sparta Prague B,100.0
Sparta Rotterdam,Sparta Rotterdam,100.0
Spartak Trnava,FC Spartak Trnava,100.0
Spartans,Spartans FC,100.0
Sport Huancayo,Sport Huancayo,100.0
Sporting Cristal,Sporting Cristal,100.0
Sporting Gijon,Sporting Gijon,100.0
Sporting Lisbon,Sporting Lisbon,100.0
Sporting Lisbon B,Sporting Lisbon B,100.0
Sporting San Jose FC,Sporting FC,100.0
Sporting San Miguelito,AF Sporting San Miguelito,100.0
Sportive De Tunis,Esperance Sportive de Tunis,100.0
Sportivo Luqueno,Sportivo Luqueno,100.0
Sportivo San Lorenzo,Sportivo San Lorenzo,100.0
Sportivo Trinidense,Sportivo Trinidense,100.0
Sportlust 46,ZSV Sportlust 46,100.0
St Etienne,AS Saint-Etienne,100.0
St Gallen,FC St. Gallen 1879,100.0
St Johnstone,St Johnstone FC,100.0
St Louis City SC,Saint Louis City SC,100.0
St Mirren,St Mirren FC,100.0
St Pauli,FC St. Pauli,100.0
St Polten,SKN St Polten,100.0
St. Patrick F.C.,Zabbar Saint Patrick FC,100.0
Stabaek,Stabaek IF,100.0
Stade Briochin,Stade Briochin,100.0
Stade Lausanne-Ouchy,Stade Lausanne Ouchy,100.0
Stade Malien de Bamako,Stade Malien de Bamako,100.0
Stade Nyonnais,FC Stade Nyonnais,100.0
Stal Mielec,FKS Stal Mielec,100.0
Stal Rzeszow,ZKS Stal Rzeszow,100.0
Stallion Penson FC,Stallion Laguna FC,100.0
Standard,Standard Liege,100.0
Stellenbosch FC,Stellenbosch FC,100.0
Stenhousemuir,Stenhousemuir FC,100.0
Stevenage,Stevenage FC,100.0
Stockport,Stockport County FC,100.0
Stoke,Stoke City,100.0
Stranraer,Stranraer FC,100.0
Strasbourg,Strasbourg Alsace,100.0
Stromsgodset,Stroemsgodset IF,100.0
Sturm Graz,SK Sturm Graz,100.0
Stuttgart,VfB Stuttgart,100.0
Sudan,Sudan,100.0
Sukhothai,Sukhothai FC,100.0
Sunderland,Sunderland AFC,100.0
Sundsvall,GIF Sundsvall,100.0
Sutton Utd,Sutton United,100.0
Suwon Bluewings,Suwon Bluewings,100.0
Swansea,Swansea City,100.0
Swindon,Swindon Town,100.0
Switzerland,Switzerland,100.0
Sydney FC,Sydney FC,100.0
Szentlorinc,Szentlorinc SE,100.0
TS Galaxy FC,TS Galaxy FC,100.0
Tabora United FC,Tabora United FC,100.0
Tampines Rovers,BG Tampines Rovers,100.0
Tamworth FC,Tamworth FC,100.0
Tanzania,Tanzania,100.0
Tarxien Rainbows FC,Tarxien Rainbows FC,100.0
Tatran Lip Mikulas,MFK Tatran Liptovsky Mikulas,100.0
Tatran Presov,1. FC Tatran Presov,100.0
Tauro FC,Tauro FC,100.0
Team Altamura,Team Altamura,100.0
Tegevajaro Miyazaki,Tegevajaro Miyazaki,100.0
Telecom Egypt SC,Telecom Egypt,100.0
Tenerife,Tenerife,100.0
Teplice,FK Teplice,100.0
Ternana,Ternana Calcio,100.0
Teungueth FC,Teungueth FC,100.0
Thanh Hoa,Dong A Thanh Hoa,100.0
The New Saints,The New Saints FC,100.0
The Strongest,The Strongest,100.0
Thespakusatsu Gunma,Thespakusatsu,100.0
Thisted,Thisted FC,100.0
Thun,FC Thun,100.0
Tigre,CA Tigre,100.0
Tigres,Tigres UANL,100.0
Tiszakecske VSE,Tiszakécskei LC,100.0
Tlaxcala F.C,Tlaxcala FC,100.0
Tochigi SC,Tochigi SC,100.0
Tochigi Uva FC,Tochigi City FC,100.0
Tokushima,Tokushima Vortis,100.0
Tokyo-V,Tokyo Verdy,100.0
Tolima,CD Tolima,100.0
Tombense MG,Tombense FC MG,100.0
Tondela,CD Tondela,100.0
Torino,Torino FC,100.0
Torreense,SCU Torreense,100.0
Tottenham,Tottenham Hotspur,100.0
Toulouse,Toulouse FC,100.0
Trabzonspor,Trabzonspor,100.0
Tractor Sazi FC,Tractor Sport Club,100.0
Trapani,Trapani Calcio,100.0
Trat,Trat FC,100.0
Treaty United,Treaty United,100.0
Trencin,AS Trencin,100.0
Tristan Suarez,Tristan Suarez,100.0
Trujillanos,Trujillanos FC,100.0
Truro City,Truro City,100.0
Tuloy FC,Tuloy FC,100.0
Tunisia,Tunisia,100.0
UE Santa Coloma,UE Santa Coloma,100.0
UMECIT,Umecit FC,100.0
UNIVERSIDAD O&M,Universidad O&M,100.0
URT,Urt MG,100.0
US Cremonese,US Cremonese,100.0
US Goree,US Goree,100.0
US Latina Calcio,Latina Calcio,100.0
US Ouakam,US Ouakam,100.0
US Pianese,US Pianese,100.0
USA,USA,100.0
USM Alger,USM Alger,100.0
USM El Harrach,USM EL Harrach,100.0
USM Khenchela,USM Khenchela,100.0
USV Halbturn,Usv Halbturn,100.0
UTA Arad,FC Uta Arad,100.0
UTC Cajamarca ,UTC de Cajamarca,100.0
Uberlandia MG,Uberlandia EC MG,100.0
Udinese,Udinese Calcio,100.0
Uganda,Uganda,100.0
Um Al Hassam,Um Alhassam,100.0
Umm Salal,Umm-Salal SC,100.0
Umraniyespor,Umraniyespor,100.0
Union Berlin,Union Berlin,100.0
Union Brescia,Union Brescia,100.0
Union Espanola,Union Espanola,100.0
Union La Calera,Deportes Union La Calera,100.0
Union Santa Fe,Union de Santa Fe,100.0
Union St Gilloise,Union Saint-Gilloise,100.0
Unirea Slobozia,FC Unirea 2004 Slobozia,100.0
United FC,Dubai United FC,100.0
Univ Catolica (Ecu),CD Universidad Catolica del Ecuador,100.0
Univ de Concepcion,Universidad de Concepcion,100.0
Universidad de Chile,Universidad de Chile,100.0
Universitario de Deportes,Universitario de Deportes,100.0
Universitatea Cluj,FC Universitatea Cluj,100.0
Universitatea Craiova,CS Universitatea Craiova,100.0
Uruguay,Uruguay,100.0
Uruguay de Coronado,CS Uruguay de Coronado,100.0
Uthai Thani,Uthai Thani FC,100.0
Uzbekistan,Uzbekistan,100.0
VMFD Zalgiris,FK Zalgiris,100.0
VST Volkermarkt,VST Voelkermarkt,100.0
VVV Venlo,VVV Venlo,100.0
Valencia,Valencia CF,100.0
Valenciennes,Valenciennes FC,100.0
Valladolid,Real Valladolid,100.0
Valletta,Valletta FC,100.0
Valur,Valur,100.0
Vancouver FC,Vancouver FC,100.0
Vancouver Whitecaps,Vancouver Whitecaps FC,100.0
Vanraure Hachinohe,Vanraure Hachinohe FC,100.0
Varazdin,NK Varazdin,100.0
Varbergs BoIS,Varbergs BoIS,100.0
Vasas,Vasas FC,100.0
Vasco Da Gama AC,AD Vasco Da Gama AC,100.0
Vasco da Gama,CR Vasco da Gama RJ,100.0
Vega Real,CA Vega Real,100.0
Vejle,Vejle BK,100.0
Velez Sarsfield,Velez Sarsfield,100.0
Velo Clube SP,AE Velo Clube SP,100.0
Vendee Les Herbiers,Les Herbiers,100.0
Venezia,Venezia FC,100.0
Veraguas FC,Veraguas United FC,100.0
Versailles 78 FC,FC Versailles 78,100.0
VfL Osnabruck,VfL 1899 Osnabruck,100.0
Viborg,Viborg FF,100.0
Vila Nova,Vila Nova FC GO,100.0
Villarreal,Villarreal CF,100.0
Villefranche Beaujolais,FC Villefranche Beaujolais,100.0
Vitesse Arnhem,Vitesse Arnhem,100.0
Vitkovice,MFK Vitkovice,100.0
Vizela,FC Vizela,100.0
Vojvodina,FK Vojvodina Novi Sad,100.0
Volta Redonda,Volta Redonda FC RJ,100.0
Vukovar,HNK Vukovar 1991,100.0
Vysocina Jihlava,FC Vysocina Jihlava,100.0
Waasland-Beveren,SK Beveren,100.0
Wadi Degla,Wadi Degla SC,100.0
Wally Daan,Wally Daan,100.0
Walsall,Walsall FC,100.0
Warri Wolves,Warri Wolves F.C.,100.0
Waterford,Waterford FC,100.0
Watford,Watford FC,100.0
Wealdstone,Wealdstone FC,100.0
Wellington Phoenix,Wellington Phoenix FC,100.0
Werder Bremen,Werder Bremen,100.0
West Brom,West Bromwich Albion,100.0
Westerlo,KVC Westerlo,100.0
Western Sydney Wanderer,Western Sydney Wanderers,100.0
Western Sydney Wanderers,Western Sydney Wanderers,100.0
Weston-super-Mare,Weston Super Mare FC,100.0
Wexford F.C,Wexford FC,100.0
Widzew Lodz,Widzew Lodz,100.0
Wieczysta Krakow,Wieczysta Krakow,100.0
Wikki Tourist,Wikki Tourists FC,100.0
Willem II,Willem II Tilburg,100.0
Winterthur,FC Winterthur,100.0
Wisla Krakow,Wisla Krakow,100.0
Wisla Plock,Wisla Plock,100.0
Woking,Woking FC,100.0
Wolfsburg,VfL Wolfsburg,100.0
Wrexham,Wrexham AFC,100.0
Wycombe,Wycombe AFC,100.0
Wydad Casablanca,Wydad AC,100.0
Yacoub El Mansour,US Yacoub Mansour,100.0
Yellow-Red Mechelen,Yellow-Red KV Mechelen,100.0
Yeovil,Yeovil Town,100.0
Yokohama FC,Yokohama FC,100.0
York City,York City FC,100.0
Young Africans,Young Africans SC,100.0
Young Boys,Young Boys Bern,100.0
Ypiranga RS,Ypiranga FC RS,100.0
Yverdon Sport,Yverdon-Sport,100.0
ZED FC,Zed FC,100.0
Zaglebie Lubin,Zaglebie Lubin,100.0
Zalaegerszeg,Zalaegerszeg TE,100.0
Zamalek,Zamalek SC,100.0
Zambia,Zambia,100.0
Zamora FC,Zamora FC,100.0
Zaragoza,Real Zaragoza,100.0
Zeleznicar Pancevo,FK Zeleznicar Pancevo,100.0
Zesco United,Zesco United,100.0
Zilina,MSK Zilina,100.0
Zimbabwe,Zimbabwe,100.0
Zira,Zira FK,100.0
Zlin,FC Zlin,100.0
Znicz Pruszkow,MKS Znicz Pruszkow,100.0
Zulte-Waregem,SV Zulte Waregem,100.0
Atletico GO,,
Deportivo Cuenca,,
Deportivo Mixco,,
FK Vora,,
KR Reykjavik,,
Mathare United FC,,
Medina United FC,,
Oxford United (Res),,
Qalali,,
Racing United FC,,
Serik Belediyespor,,
Tornado FC,,
Molynes United FC,,
Satun United FC,,
New England,,
Kirsehir Belediyespor,,
Marine FC,,
Colon,,
Al Arabi Kuwait,,
Mo Bejaia,,
Bolivar,,
IR Reykjavik,,
Real Madrid C,,
Al Msnaa,,
Club Deportivo Ayense,,
Aali Club,,
1 Dezembro,,
1. FC Union Berlin (W),,
1461 Trabzon,,
1860 Munich,,
1926 Polatli Belediye Spor,,
3 Sing FC,,
68 Aksaray Belediyespor,,
76 Igdir Belediyespor,,
A.C. Trento S.C.S.D.,,
AA Portuguesa S U20,,
AA Portuguesa U20,,
AC Milan U20,,
AC Port Of Spain,,
AC Taipei,,
ACS Fotbal Club Bacau,,
ACS Muscelul Campulung Elite,,
ACS Sepsi OSK,,
AD Centro Olimpico U20 (W),,
AD Iguatu,,
AD Isidro Metapan,,
AD San Carlos,,
ADJG Jaguar,,
AFC Dunstable,,
AFC Fylde,,
AFC Leopards SC (Kenya),,
AFC Sudbury,,
AFC Telford,,
AFC Totton,,
AFF Guatemala,,
AGF,,
AL Dhaid U19,,
AL Taawon Buraidah U21,,
AL Wakrah U23,,
AL Wasl U19,,
AS Ariana,,
AS Dakar SC,,
AS Douanes Nouakchott,,
AS Gabes,,
AS Khroub,,
AS Monaco U21,,
AS Pompier,,
AS Roma (W),,
AS Saint Priest,,
AS Solimane,,
ASA Targu Mures,,
ASC SNIM,,
ASC Walidaan,,
ASD Alcione,,
ASD Camaiore,,
ASD Club Milano,,
ASD Francavilla Calcio,,
AZ Alkmaar U19,,
AaB,,
Aalesunds,,
Abha,,
Abo Qair Semads,,
Academia Dragones FC,,
Academia de Balompie Boliviano,,
Academica,,
Academica Vitoria,,
Academico de Viseu U23,,
Acatlan,,
Achuapa FC,,
Adama Kenema fc,,
Adana 1954 FK,,
Adelaide United (W),,
Adhyaksa FC,,
Afrique Football Elite,,
Afturelding,,
Agropecuario,,
Agsu,,
Agua Santa,,
Agua Santa U20,,
Aguacatan FC,,
Aguia de Maraba,,
Aguia de Maraba FC U20,,
Airtel Kitara FC,,
Ajman U23,,
Akor FC Jombang,,
Al Adalah U21,,
Al Ahli,,
Al Ahli (BRN),,
Al Ahli (QAT),,
Al Ahli Amman,,
Al Ain U19,,
Al Ain U23,,
Al Arabi (JOR),,
Al Arabi (QAT),,
Al Bataeh U23,,
Al Batin,,
Al Bukayriyah,,
Al Buqaa,,
Al Dhafra U23,,
Al Draih,,
Al Duhail U23,,
Al Faisaly ( KSA ),,
Al Faisaly Amman,,
Al Faisaly SC,,
Al Feiha U21,,
Al Fujairah U19,,
Al Hikma,,
Al Hussein SC,,
Al Ittihad (EGY),,
Al Ittihad Kalba U19,,
Al Jabalain,,
Al Jazira U19,,
Al Jazira U23,,
Al Jeel,,
Al Jubail,,
Al Kholood U21,,
Al Mu Aidar SC,,
Al Najma (BRN),,
Al Nasar (KUW),,
Al Nasr (UAE),,
Al Nasr Cairo,,
Al Nasr SC U19,,
Al Nasr U23,,
Al Njoom,,
Al Orooba U21,,
Al Oruba,,
Al Orubah U21,,
Al Rams U19,,
Al Ramtha,,
Al Rayyan Ar Rawdah,,
Al Riyadi Al Abassiya,,
Al Safa,,
Al Sahel,,
Al Salibikhaet,,
Al Salt,,
Al Saqr,,
Al Sarhan,,
Al Shahaniya U23,,
Al Shamal,,
Al Shamal U23,,
Al Shamiya,,
Al Taee,,
Al Waab Sports Club,,
Al Wahda (Abu Dhabi),,
Al Wahda Abu Dhabi U19,,
Al Wakrah U23,,
Al Wasl U23,,
Al Wehdat,,
Al-Ahli Doha U23,,
Al-Ain U21,,
Al-Ansar,,
Al-Anwar Club,,
Al-Arabi Al-Saudi,,
Al-Arabi Doha U23,,
Al-Arabi Umm Quwain,,
Al-Baq'a,,
Al-Bourj FC,,
Al-Duhail SC U23,,
Al-Gharafa SC U23,,
Al-Hilal Riyadh U21,,
Al-Ittihad (BRN),,
Al-Jazeera,,
Al-Jazira (Kuwait),,
Al-Jazira Club U21,,
Al-Jndal,,
Al-Kawkab,,
Al-Khaleej Khor Fakkan,,
Al-Lewaa,,
Al-Mudhaibi,,
Al-Nassr Riyadh U21,,
Al-Nojoom,,
Al-Raed (KSA),,
Al-Rayyan U23,,
Al-Sailiya U23,,
Al-Saqer FC,,
Al-Shabab,,
Al-Sharjah U21,,
Al-Shoulla Al-Kharj,,
Al-Ula FC,,
Al-Wahda (KSA),,
Al-Washm,,
Al-Wasl U21,,
Al-Zulfi SC,,
Alacranes de Durango,,
Alagoinhas BA U20,,
Alagoinhas U20,,
Albirex Niigata (SIN),,
Albirex Niigata FC II,,
Alcorcon,,
Alebrijes De Oaxaca,,
Alebrijes de Oaxaca,,
Alemannia Aachen,,
Alfreton Town,,
Algeciras,,
Alhashemyya,,
Alianza FC (SLV),,
Alloa,,
Almagro BA,,
Altay,,
Altinordu,,
Alvechurch,,
Alverca,FC Alverca SAD,100.0
Always Ready,,
AmaZulu,,
Amagaju,,
Amed Sportif Faaliyetler,,
America MG U20,,
America RN U20,,
America SE,,
Amman,,
Ammanford AFC,,
Ancona,,
Anderlecht (Res),,
Andraus Brasil,,
Andrezieux Boutheon,,
Ankara Demirspor,,
Ankaragucu,,
Ankaraspor,,
Annan,,
Anstey Nomads,,
Antequera CF,,
Antigua GFC,,
Apr FC,,
Arabe Unido (Res),,
Aracatuba FC U20,,
Arba Minch,,
Arda,,
Arenas Club de Getxo,,
Arenteiro,,
Argentino de Merlo,,
Arges Pitesti,,
Aritma Praha,,
Arnavutkoy Belediyesi GVS,,
Arnett Gardens FC,,
Arsenal (W),,
Arsenal U19,,
Arsenal U21,,
Artesanos Metepec F.C.,,
As Kigali,,
Ascoli,,
Asociacion Deportiva Tarma,,
Aston Villa (W),,
Aston Villa U21,,
Aswan FC,,
Asyut Petroleum,,
Atalanta B,,
Atalanta U20,,
Ateneo Blue Eagles,,
Athletic Bilbao (W),,
Athletic Bilbao B,,
Athletic Bilbao U19,,
Athletic Club MG U20,,
Athletico-PR,,
Atlanta Utd,,
Atlante,,
Atlas U21,,
Atletico Choloma,,
Atletico Clube de Portugal,,
Atletico FC Cali,,
Atletico Go,,
Atletico Hidalgo,,
Atletico Independiente,,
Atletico MG U20,,
Atletico Madrid (W),,
Atletico Madrid II,,
Atletico PI U20,,
Atletico Paranaense U20,,
Atletico San Luis (W),,
Atletico Sanluqueno CF,,
Atletico Sarmiento,,
Audax U20,,
Aurora,,
Aurora FC,,
Aurora Pro Patria 1919,,
Australia U23,,
Avai,,
Aveley,,
Avenir S Marsa,,
Ayeyawady United,,
Ayr,,
Azuriz FC,,
BSK Bijelo Brdo,,
BST Galaxy,,
BVSC Zuglo,,
Bahia,,
Bahia EC U20,,
Bahir Dar FC,,
Baku Sporting,,
Baladeyet Al-Mahalla,,
Balestier Khalsa,,
Balestier Khalsa II,,
Bali Utd Pusam,,
Balikesirspor,,
Banbury Utd,,
Bandari FC (Kenya),,
Bangu,,
Bangu U20,,
Banha,,
Bani Yas U23,,
Banjul Hawks FC,,
Barakaldo,,
Barcelona (W),,
Barcelona B,,
Barnsley U21,,
Barra SE U20,,
Barranquilla,,
Barwell,,
Basake Holy Stars FC,,
Bashundhara Kings,,
Batavia FC,,
Bath City,,
Batman Petrolspor,,
Bayern Munich (W),,
Beauvais,,
Bechem United,,
Bedford Town,,
Beijing Guoan,,
Bekasi City,,
Bekescsaba,,
Belasitsa Petrich,,
Belediye Derincespor,,
Bench Maji Bunna,,
Benfica U21,,
Benfica U23,,
Beni Mazar,,
Beni Oualbane,,
Beroe Stara Za,,
Besa Kavaje,,
Betis B,,
Betis Sevilla U19,,
Beykoz Anadolu Spor,,
Biesheim,,
Biggleswade FC,,
Bihar,,
Bihor Oradea,,
Binga FC,,
Birmingham (W),,
Birmingham U21,,
Bishops Stortford,,
Blackburn U21,,
Blackrock College AFC,,
Bobigny AC,,
Boca Juniors de Cali,,
Bodo/Glimt U19,,
Bodrum Belediyesi Bodru,,
Bodrum Belediyesi Bodrumspor,,
Boeung Ket,,
Bogota,,
Bohemians,,
Bolivia,,
Bolton,,
Bolton (Res),,
Bombada FC,,
Borussia Dortmund U21,,
Botafogo FR U20,,
Botafogo SP U20,,
Botev Vratsa,,
Bourg-en-Bresse,,
Bournemouth (W),,
Bournemouth U21,,
Boyaca Patriotas,,
Brann U19,,
Bregenz,,
Brentford U21,,
Brest,,
Brighton,,
Brighton (W),,
Brighton U21,,
Brikama Utd,,
Brisbane Roar FC (W),,
Bristol City (W),,
Bristol City U21,,
Bromley U21,,
Brondby,,
Brothers Union,,
Brunei DPMM FC,,
Bryne,,
Bucaspor,,
Buhimba Saints United,,
Bulancakspor,,
Bulvarspor,,
Bunga Raya FC,,
Burgan SC,,
Burgos B,,
Burnley (W),,
Burnley U21,,
Bursa Nilufer 2021 FK,,
Bursa Yildirim Spor,,
Bursaspor,,
Busaiteen Club,,
Buxton,,
Bylis Ballsh,,
CA Assisense U20,,
CA Bizertin,,
CA Juventus,,
CA Juventus U20,,
CA Linense,,
CA Osasuna II,,
CA Penarol de Parana,,
CA Tarazona,,
CA Union de Crespo,,
CA Votuporanguense U20,,
CD Aguila,,
CD Cacahuatique,,
CD Castellon II,,
CD Colonia Moscardo,,
CD Coria,,
CD Cuarte,,
CD Fas,,
CD Gualberto Villarroel,,
CD Ibiza Islas Pitiusas,,
CD Los Chankas,,
CD Luis Angel Firpo,,
CD Marathon,,
CD Motagua,,
CD Municipal Limeno,,
CD Nacional Funchal,,
CD Olimpia,,
CD Pioneros de Cancun,,
CD Platense,,
CD Tepatitlan De Morelos,,
CD Teruel,,
CD Victoria,,
CD Villegas,,
CDA Navalcarnero,,
CDJ Tamarite,,
CDT Real Oruro,,
CE Andratx,,
CE Atletic Lleida,,
CE Europa,,
CEFAT Tirol,,
CF America (W),,
CF Bihorul Beius,,
CF Os Belenenses,,
CF Rayo Majadahonda,,
CR Beni Thour,,
CS Dock Sud,,
CS Gloria 2018 Bistrita-Nasaud,,
CS Tunari,,
CSC 1599 Selimbar,,
CSD Municipal,,
CSD Rangers,,
CSD Sacachispas,,
CSKA 1948 Sofia,,
CSKA Sofia II,,
CSM Scolar Resita,,
CSM Slatina,,
Cacereno,,
Caen,,
Caerau Ely,,
Cafe Sidama,,
Cafetaleros de Chiapas,,
Cagliari U20,,
Caja Oblatos C.FD,,
Calcio Avellino SSD,,
Caldas SC,,
Caledonia AIA,,
Calor de San Pedro,,
Calvary FC,,
Camboriu,,
Cambuur Leeuwarden,,
Canaa Esporte Clube U20,,
Canberra United (W),,
Cancun FC,,
Canoneros Marina,,
Capivariano U20,,
Carajas EC U20,,
Cardiff City U21,,
Carlton Town,,
Carpi,,
Cascada SC,,
Cascavel PR,,
Cascavel PR U20,,
Casric FC,,
Cavalier,,
Caykur Rizespor U19,,
Ceahlaul,,
Ceara SC Fortaleza,,
Ceara SC U20,,
Cebrayil FK,,
Celaya,,
Celta Vigo B,,
Celtic (W),,
Central & West DR & SA,,
Central Coast (W),,
Central Coast Mariners (W),,
Central FC,,
Centro de Formacao de Atletas Tirol,,
Cerezo Osaka Sakai (W),,
Cesar Vallejo Moquegua,,
Chacarita,,
Chapecoense U20,,
Chapelton,,
Charlton (W),,
Charlton U21,,
Chatham Town,,
Chelghoum Laid,,
Chelmsford,,
Chelsea (W),,
Chelsea U19,,
Chelsea U21,,
Chemal FC,,
Cherno More,,
Chesham Utd,,
Cheshunt,,
Chester,,
Chesterfield (Res),,
Chilpancingo,,
Chimaltenango FC,,
China U23,,
Chinland FC,,
Chippenham,,
Chorley,,
Chorrillo FC,,
Cianorte PR,,
Cibalia Vinkovci,,
Ciervos FC,,
Cimarrones De Sonora,,
Citizen AA,,
City FC,,
Clitheroe FC,,
Club 2 de Mayo (Res),,
Club 2 de Mayo de Pedro Juan C,,
Club 2 de Mayo de Pedro Juan Ca,,
Club 2 de Mayo de Pedro Juan Cab,,
Club Africain,,
Club Atletico La Paz,,
Club Atletico Mitre,,
Club Atletico Morelia,,
Club Atletico Saguntino,,
Club Bamin Real Potosi,,
Club Bolivar,,
Club Brugge B,,
Club Brugge U19,,
Club CDM,,
Club Deportivo Iztapa,,
Club Football Estrela,,
Club Gimnasia y Tiro,,
Club Independiente Petrolero,,
Club Leon FC (W),,
Club Necaxa (W),,
Club Olimpia,,
Club R Zemamra,,
Club Rivadavia Lincoln,,
Club Sportif Sfaxien,,
Club Sporting Canamy,,
Club Sportivo Luqueno (Res),,
Club Tijuana (W),,
Clube Laguna,,
Clyde,,
Coastal Union,,
Coban Imperial,,
Colchester United U21,,
Coleraine (Res),,
Colima FC,,
Colorado,,
Columbus,,
Comercial FC Tiete U20,,
Comercial FC U20,,
Comillas,,
Comunicaciones,,
Cong An Nhan Dan,,
Cong an TP HCM U19,,
Consett,,
Cordobes Futbol Club,,
Corinthians U20,,
Corlu 1947 Spor,,
Cormontreuil,,
Correcaminos (Premier),,
Correcaminos UAT,,
Corum Belediyespor,,
Cottbus,,
Courts Young Lions,,
Coventry City U21,,
Cr Temouchent,,
Cremonese U20,,
Crewe,,
Crewe U21,,
Criciuma,,
Criciuma U20,,
Croix Iris Club,,
Cruz Azul (W),,
Cruzeiro U20,,
Crystal Palace (W),,
Crystal Palace U21,,
Cs Cartagines,,
Csakvar,,
Csikszereda,,
Cuiaba EC U20,,
Curico Unido,,
Curzon Ashton,,
Customs United,,
Czarni Sosnowiec II (W),,
DHJ El Jadida,,
DLS Green Archers,,
Dagon FC,,
Dagon Port FC,,
Darajani Gogo,,
Darlington,,
Dejan FC,,
Delfines Del Este,,
Deportes Copiapo,,
Deportes Recoleta,,
Deportes Temuco,,
Deportiva Venados,,
Deportivo,,
Deportivo Cali,,
Deportivo Coatepeque,,
Deportivo Gomerano,,
Deportivo Irapuato FC,,
Deportivo Mictlan,,
Deportivo Moron,,
Deportivo Nueva Concepcion,,
Deportivo Pasto,,
Deportivo San Pedro,,
Deportivo Toluca U21,,
Derby,,
Derby (Res),,
Derby U21,,
Dhaka Abahani,,
Dhamk,,
Dhufar,,
Dibba Al Fujairah,,
Dibba Al Fujairah U23,,
Dijon (W),,
Dila Gori,,
Dinamo Minsk U19,,
Dinamo Tbilisi U19,,
Dinamo Tirana,,
Dire Dawa Kima FC,,
Diriangen FC,,
Diyarbekirspor,,
Djoliba,,
Dobrudzha,,
Dodoma FC,,
Dong Nai U19,,
Doqarah FC,,
Dorados,,
Dorking Wanderers,,
Dortmund U19,,
Dover,,
Dragon Pathumwan Kanchanaburi,,
Dragones Toluca,,
Drenica Skenderaj,,
Drogheda,,
Duisburg,,
Dulwich Hamlet,,
Dumbarton,,
Dunav Ruse,,
Dunbeholden FC,,
Dunfermline,,
Durham (W),,
Dynamo Kyiv U19,,
EC Noroeste U20,,
EC Santo Andre U20,,
EC Sao Bernardo SP,,
EDF Logrono (W),,
ES Metlaoui,,
ESM Kolea,,
East Fife,,
East Kilbride,,
Eastbourne,,
Eastern AA,,
Eastern Company SC,,
Eastern District SA,,
Edinburgh City,,
Edirnespor,,
Egnatia Rrogozhine,,
Eik-Tonsberg,,
El Alameen,,
El Daklyeh,,
El Entag El Harby,,
El Geish,,
El Mansurah,,
El Minya,,
El Qusiya SC,,
El Seka Elhadeed,,
El Shams,,
Elazigspor,,
Elche B,,
Eldense,,
Emirates Club U21,,
Energetik Mingechevir,,
Enfield Town,,
Ensenada FC,,
Entebbe FC,,
Envigado,,
Equity FC,,
Erbaaspor,,
Erciyes 38 FSK,,
Erokspor A.S,,
Erzgebirge,,
Erzincanspor,,
Esan Pattaya,,
Eskisehirspor,,
Espanyol B,,
Esperance Sportive Zarzis,,
Esporte Clube Avenida,,
Esporte Clube Primavera,,
Esporte de Patos U20,,
Estrela U23,,
Estudiantes de Caseros,,
Ethiopia Nigd Bank,,
Ethiopian Coffee,,
Ethiopian Medhin,,
Etihad Al Ramtha,,
Etimesgut Belediyespor,,
Etoile Sportive Sahel,,
Everton (W),,
Everton De Vina,,
Everton U21,,
Excursionistas,,
Exeter City U21,,
Express,,
Eyupspor U19,,
F.C. Racing,,
FC Aragvi Dusheti,,
FC Arkadag,,
FC Atlas (W),,
FC Badalona (W),,
FC Basel II,,
FC Crotone U19,,
FC Eagles,,
FC Fastav Zlin B,,
FC Fratria,,
FC Giugliano,,
FC Hunedoara,,
FC Iberia 1999,,
FC Iberia Tiblisi 1999 II,,
FC Juarez (W),,
FC Kariobangi Sharks,,
FC Koln U19,,
FC Ksar,,
FC Lokomotivi Tbilisi,,
FC Luzern II,,
FC Masar,,
FC Meshakhte Tkibuli,,
FC Midtjylland U19,,
FC Nurnberg (W),,
FC Odishi 1919,,
FC Real Koyari,,
FC Sabah,,
FC Santiago,,
FC Sellier & Bellot Vlasim,,
FC Talanta,,
FC Telavi,,
FC Utd Manchester,,
FCSB,,
FCSB U19,,
FK Arsenal Tivat,,
FK Bokelj,,
FK Borac Cacak,,
FK Crvena Zvezda U19,,
FK Decic,,
FK Dubocica,,
FK Loznica,,
FK Mladost Donja Gorica,,
FK Mornar,,
FK Podgorica,,
FK Qabala,,
FK Sahdag Qusar,,
FK Sutjeska,,
FK Trayal Krusevac,,
FK Usce Novi Beograd,,
FK Vrsac,,
Fakirapool Young Men,,
Falcon FC,,
Famalicao U23,,
Fanja,,
Farense U23,,
Farnborough FC,,
Fasil Kenema,,
Fatih Karagumruk U19,,
Fatsa Belediyespor,,
Fayoum FC,,
Fehervar,,
Ferroviaria,,
Ferroviaria DE U20,,
Ferroviario CE U20,,
Fethiyespor,,
Feu Tamaraws,,
Figueirense,,
Figueirense U20,,
Fiorentina U20,,
Fjolnir,,
Fk Buducnost Podgorica,,
Fk Jedinstvo Bijelo Polje,,
Fk Jezero,,
Flamengo U20 (W),,
Flamengo de Guarulhos U20,,
Fleetwood Town U21,,
Fleury 91 (W),,
Fleury Merogis,,
Floridsdorfer AC,,
Fluminense U20,,
Foggia,,
Fontenay Vendee,,
Forfar,,
Forge,,
Fortaleza FC U20,,
Fortis FC Limited,,
Fortune FC,,
Fortune Sacco,,
Fountain Gate,,
Foz Do Iguacu,,
Fram,,
Francana U20,,
Freiburg (W),,
Frejus St-Raphael,,
Frem,,
Frosinone Calcio U20,,
Fuerte San Francisco,,
Fuji University,,
Fulham U21,,
Fylkir,,
GAIS,,
GD Estoril Praia U23,,
GDL FC,,
GVVV,,
Galata SK,,
Galatasaray U19,,
Galo Maringa,,
Gambia Ports Authority,,
Garforth Town,,
Garudayaksa FC,,
Gasogi United,,
Gavilanes Matamoros,,
Genesis Huracan,,
Genk U19,,
Genoa U20,,
Getafe B,,
Geylang International,,
Geylang International II,,
Gil Vicente U23,,
Gimnastic,,
Giresunspor,,
Glasgow City (W),,
Glenavon (Res),,
Gloucester,,
Goias U20,,
Golden Gate SC,,
Gomhoryet Shebin,,
Gor Mahia FC,,
Gorilas de Juanacatlán,,
Gorilla FC,,
Goztepe U19,,
Granada (W),,
Grand Ouest Association Lyo,,
Greater Tomorrow,,
Green Eagles,,
Gremio,,
Gremio Desportivo Sao-Carl,,
Gremio FBPA U20,,
Gremio Novorizontino U20,,
Gremio Prudente,,
Gremio Prudente U20,,
Gremio U20 (W),,
Gresik United,,
Guabira,,
Guadalajara (W),,
Guanabara City U20,,
Guarani (Par),,
Guarani SP U20,,
Guastatoya,,
Gulf United U21,,
Gyori,,
HJK Helsinki U19,,
HK Rangers U22,,
HNK Orijent 1919,,
Hacken,,
Hadiah Hosanna FC,,
Hafnarfjordur,,
Haguenau,,
Hajer Club,,
Halcones de Zapopan,,
Hamilton,,
Hampton and Richmond,,
Hang Yuen FC,,
Hansa Rostock,,
Hanthawaddy United FC,,
Hanwell,,
Hapoel Akko,,
Hapoel Haifa U19,,
Hapoel Raanana U19,,
Hapoel Rishon Lezion U19,,
Harborough Town,,
Harbour View FC,,
Harrow Borough FC,,
Hart FC,,
Hawassa Kima FC,,
Hearts B,,
Hegelmann Litauen,,
Hellas Verona U20,,
Helsingborgs,,
Hemel Hempstead,,
Hercules,,
Hercules CF II,,
Hereford FC,,
Heroes de Zaci FC,,
Hibernian (W),,
Hibernian U19,,
Hiroshima Regina (W),,
Hobro,,
Hoffenheim (W),,
Hoffenheim II,,
Hoi King SA,,
Hong Kong FC,,
Hong Kong Rangers FC,,
Honved,,
Horizonte,,
Hornchurch,,
Horsham FC,,
Hottain,,
Hougang United II,,
Hougang Utd,,
Hrvace,,
Huddersfield Town U21,,
Hull,,
Hull City U21,,
Hungerford,,
Huracanes Izcalli FC,,
Hyeres,,
IB Khemis El Khechna,,
IF Karlstad,,
IRT Tanger,,
ISI Dangkor Senchey FC,,
Ibiza Eivissa,,
Ibrachina FC U20,,
Imigresen FC,,
Independente EC U20,,
Independente FSJ,,
Independiente Yumbo,,
Inegolspor,,
Inkilapspor,,
Instituto,,
Inter,,
Inter FA,,
Inter Limeira,,
Inter Limeira U20,,
Inter Milan U20,,
Inter Playa Del Carmen,,
Inter Playa del Carmen,,
Intercity Sant Joan C.F,,
Internacional U20,,
Internacional de Palmira,,
International Pacific U,,
Inverness CT,,
Ipswich (W),,
Ipswich Town U21,,
Iraq U23,,
Iskenderunspor,,
Isparta 32 Spor,,
Ispe FC,,
Istanbul Basaksehir FK U19,,
Itabaiana,,
Italy U19,,
Itaqua Athletico Clube U20,,
Ituano,,
Ituano FC U20,,
Iwata,,
JKT Tanzania,,
JS Bordj Menaiel,,
JS Omrane,,
JSD Jijel,,
Jaalan,,
Japan U23,,
Jeddah Club,,
Jerash,,
Jerash SC,,
Johor Darul Takzim,,
Jong Ajax Amsterdam,,
Jordan U23,,
Jorge Wilstermann,,
Juan Pablo II College,,
Junior FC Barranquilla,,
Juticalpa,,
Juventud Copalera,,
Juventud Torremolinos,,
Juventude U20,,
Juventus B,,
Juventus FC (W),,
Juventus U19,,
Juventus U20,,
Jwaya SC,,
K Lierse U21,,
KA Akureyri,,
KCB,,
KF Ferizaj,,
KF Laci,,
KF Tirana,,
KFCO Beerschot Wilrijk (,,
KMC,,
KS Burreli,,
KS Skenderbeu Korce,,
KS Teuta Durres,,
KaPa,,
Kabati Youth FC,,
Kaedi FC,,
Kahramanmaras Istiklal Spor,,
Kahramanmarasspor,,
Kairouan,,
Kakamega Homeboyz,,
Kalaa Sport,,
Kalba U23,,
Kampala City Council,,
Kanchanaburi Power,,
Kansas City,,
Kapaz Ganja,,
Karabuk Idmanyurdu,,
Karacabey Belediyespor AS,,
Karadeniz Eregli Belediye,,
Karakopru Belediyespor,,
Karaman Belediyespor,,
Karlovac,,
Karsiyaka,,
Kasem Bundit University,,
Kashima,,
Kastamonuspor,,
Kawasaki,,
Kawkab Marrakech,,
Kaya,,
Kayserispor U19,,
Kelantan Red Warrior FC,,
Kelantan United,,
Kepez Belediyespor,,
Kettering Town FC,,
Kfarsoum,,
Khonkaen,,
Kibera Black Stars,,
Kidderminster,,
Kilis Bld.Spor,,
Kings Lynn,,
Kingstonian,,
Kirikkale Buyuk Anadolusp,,
Kirivong Sok Sen Chey,,
Kirklarelispor,,
Kitakyushu,,
Kitchee SC,,
Kitchee U22,,
Kobe,,
Kocaelispor U19,,
Kochi Univ,,
Kofu,,
Konyaspor U19,,
Koper,,
Korabi Peshkopi,,
Kortrijk (Res),,
Kowloon City FC,,
KuPS,,
Kuala Lumpur,,
Kuching FA,,
Kucukcekmece Sinop Spor,,
Kumamoto,,
Kwun Tong,,
Kyoto Sangyo University,,
Kyrgyzstan U23,,
LA Galaxy,,
LASK Linz,,
LDU,,
La Horquetta Rangers FC,,
La Serena,,
La Viena FC,,
Landskrona,,
Lanus,,
Larne,,
Laval,,
Lazio U20,,
Le Havre AC (W),,
Le Puy,,
Leamington,,
Leatherhead FC,,
Lebanon U23,,
Lecce U20,,
Lee Man FC U22,,
Lee Man Warriors,,
Leeds,,
Leeds United U21,,
Leek Town FC,,
Leicester City (W),,
Leicester U21,,
Leiknir R,,
Leixoes U23,,
Leon,,
Leones FC,,
Leones Negros Udg II,,
Leonesa,,
Levels FC,,
Leverkusen (W),,
Leverkusen U19,,
Leyton Orient U21,,
Libertad,,
Libertad FC,,
Life FC SihanoukVille,,
Limonest,,
Lincoln United FC,,
Lion City Sailors II,,
Liverpool (W),,
Liverpool U19,,
Liverpool U21,,
Livorno,,
Lobos ULMX,,
Lobos UPNFM,,
Lokomotiv GO,,
Lokomotiv Plovdiv,,
Lokomotiva Zvolen,,
London Bees (W),,
London City Lionesses,,
Londrina,,
Longford,,
Los Andes,,
Luanda Villa FC,,
Lucky Mile,,
Ludogorets Razgrad B,,
Lugazi FC,,
Lugo,,
Lusitano,,
Luverdense U20,,
Luzern,,
Lyn,,
Lyon,,
Lyon (W),,
MFk Skalica,,
MK Dons,,
MO Constantine,,
MOIK Baku,,
MS Kfar Kasem,,
MS Tamea,,
MSK Zilina U19,,
Ma'an,,
Maccabi Haifa U19,,
Maccabi Herzelia U19,,
Mafra,,
Maidenhead,,
Maidstone Utd,,
Malacateco,,
Malisheva,,
Malkiya,,
Mallawi SC,,
Malzenice,,
Man City (W),,
Man City U19,,
Man City U21,,
Man Utd,,
Man Utd (W),,
Man Utd U21,,
Managua FC,,
Manisa FK,,
Mansfield Town U21,,
Mara Sugar FC,,
Marcilio,,
Marcq en Baroeul,,
Mardin Buyuksehir Belediye,,
Marek Dupnitsa,,
Marekh,,
Marica,,
Marica RJ U20,,
Marilia,,
Maringa,,
Maritimo U23,,
Maroons FC,,
Marquense,,
Marseille U19,,
Masfut,,
Mashujaa FC,,
Matlock Town,,
Matsumoto,,
Mazatlan FC(W),,
Mbarara City FC,,
Mbeya City FC,,
Mebrat Hayl,,
Meia Noite U20,,
Mekelle 70 Enderta,,
Melaka FC,,
Melbourne City (W),,
Melbourne Victory (W),,
Menemen Belediyespor,,
Merida AD,,
Mersin Idman Yurdu,,
Merthyr Town,,
Mgladbach,,
Middlesbrough (W),,
Middlesbrough U21,,
Midlands Wanderers,,
Migori (Res),,
Millwall U21,,
Mineros de Fresnillo FC,,
Mineros de Zacatecas,,
Ming Chuan University,,
Ministry of Interior FA,,
Minnesota Utd,,
Mio Biwako Shiga,,
Mirassol U20,,
Misr El Makasa,,
Moca FC,,
Mohammedan Dhaka,,
Mombasa United,,
Monaco U19,,
Montana,,
Montaneses FC,,
Monte Azul SP,,
Monte Roraima U20,,
Montego Bay United,,
Monterrey (W),,
Montpellier (W),,
Monza U20,,
Morton,,
Motherwell (W),,
Motril CF,,
Mount Pleasant FC,,
Msp Batna,,
Mtibwa Sugar F.C.,,
Muglaspor,,
Muhanga,,
Municipal Perez Zeledon,,
Mura,,
Muranga Seal,,
Mus Spor,,
Mwatate,,
NEC FC,,
NEOM Sports Club,,
NK Aluminij,,
NK Bravo,,
NK Dugopolje,,
NK Jarun,,
NK Primorje,,
NRB Teleghma,,
Nacional (Par),,
Nacional (Uru),,
Nacional FC AM U20,,
Nacional SP U20,,
Nagasaki,,
Nagaworld FC,,
Nagoya,,
Namungo FC,,
Nancy,,
Nantes FC (W),,
Nantes U19 FC,,
Napoli Calcio (W),,
Napoli U20,,
Napsa Stars,,
Naxxar Lions,,
Nazilli Belediyespor,,
Nchanga Rangers,,
Negele Arsi Ketema,,
Negeri Sembilan,,
Neom SC U21,,
Newcastle Jets (W),,
Newcastle U21,,
Newcastle United U19,,
Newcastle Utd (W),,
Newells,,
Newport City,,
Newton Aycliffe,,
Neza FC,,
Nieciecza,,
Niigata University H&W FC,,
Nizwa,,
Njardvik,,
Nogoom El Mostakbal,,
Nogoom Masr,,
Noroeste Bauru,,
Norrkoping,IFK Norrkoping FK,100.0
North District,,
North District U22,,
North Esporte Clube,,
Norwich U21,,
Nottingham Forest U21,,
Nottm Forest (W),,
Notts County FC (Res),,
Nouadhibou,,
Nouakchott Kings,,
Nzoia United FC,,
OB,,
OFK Petrovac,,
OLS,,
Odds Ballklubb (W),,
Oeste,,
Oeste FC,,
Oeste U20,,
Oita,,
Olancho,,
Oldham,,
Olimpico Itabaianinha U20,,
Olimpija,,
Olot,,
Olympiakos,,
Olympic Charleroi,,
Olympic El Qanal,,
Olympique De Beja,,
Olympique de Marseille (W),,
Omiya,,
Omonia,,
Opatija,,
Operario Ferroviario EC U20,,
Operario PR,,
Orense Sporting Club,,
Oriente Petrolero,,
Orihuela CF,,
Orsomarso,,
Oud-Heverlee Leuven (W),,
Oxford City,,
Oxford United (W),,
PAOK,,
PDRM,,
PFC Levski Sofia,,
PS Barito Putera,,
PS Hizbul Wathan,,
PSDS Deli Serdang,,
PSG U21,,
PSID Jombang,,
PSIS Semarang,,
PSMP Mojokerto,,
PSPS Pekanbaru,,
PSS Sleman,,
PSV,,
PSV Eindhoven U19,,
PSV Eindhoven U21,,
PWD Sports Club,,
Pachuca (W),,
Pafos U19,,
Palmeiras U20,,
Panama City FC,,
Paraguay (W),,
Paris FC (W),,
Paris St-G (W),,
Paris St-G U19,,
Parma,,
Parma U20,,
Partick,,
Partick Thistle (W),,
Patro Maasmechelen U21,,
Patronato,,
Paulinia FC U20,,
Paulista Jundiai,,
Pazarspor,,
Pekanbaru FC,,
Penarol,,
Pendikspor,,
Penya Encarnada,,
Perak,,
Peralada,,
Persebata Lembata,,
Perseden Denpasar,,
Persedikab Kediri,,
Persekat Kabupaten Tegal,,
Persela Lamongan,,
Persema Malang,,
Persenga Nganjuk,,
Persepon Ponorogo,,
Perserang Serang,,
Perseta Tulungagung,,
Persiba Balikpapan,,
Persiba Bantul,,
Persibo Bojonegoro,,
Persida Sidoarjo,,
Persika Karanganyar,,
Persikad Depok,,
Persiku Kudus,,
Persikutim United,,
Persinga Ngawi,,
Persipa Pati,,
Persipal FC,,
Persipura Jayapura,,
Persiraja Banda Aceh,,
Persitara Jakarta Utara,,
Perth Glory (W),,
Perugia,,
Pesaro,,
Peterborough Sports FC,,
Peterborough United U21,,
Peterhead,,
Phnom Penh,,
Pirin Blagoevgrad,,
Pistoiese,,
Platense FC,,
Plaza Amador,,
Plaza Amador (Res),,
Plymouth Parkway,,
Plzen,,
Podbrezova,,
Pogon Szczecin (W),,
Point Fortin FC,,
Poli Iasi,,
Police FC,,
Ponferradina,,
Ponte Preta U20,,
Pontedera,,
Pontevedra CF,,
Pontypridd Town,,
Portadown (Res),,
Portimonense SC U23,,
Portmore Utd,,
Porto U19,,
Portsmouth (W),,
Portuguesa FC,,
Posta Rangers,,
Potenza,,
Potiguar,,
Potros del Este FC,,
Power Dynamos,,
Preston,,
Preston North End U21,,
Pride of Gall Hill,,
Prisons FC,,
Proxy Work Club,,
Psbi Blitar,,
Psgc Ciamis,,
Psms Medan,,
Pss Sleman,,
Puebla FC (W),,
Puebla U21,,
Puerto Montt,,
Pulau Pinang,,
Pumas UNAM (W),,
Pusamania Borneo FC,,
Puskas Akademia FC U19,,
QPR,,
Qatar U23,,
Queen of South,,
Queens Park Rangers U21,,
Queens University,,
Queretaro (W),,
Queretaro U21,,
Quiche FC,,
Quindio,,
RANS Nusantara FC,,
RB Leipzig (W),,
RB Leipzig U21,,
RC Grasse,,
RC Lens (W),,
RSD Alcala,,
RWD Molenbeek U21,,
RZ Pellets WAC,,
Raa SC,,
Racing Beirut,,
Racing Club (Uru),,
Racing FC Porto Palmeiras,,
Racing Genk B,,
Racing de Ferrol,,
Radcliffe Borough,,
Radnik Bijeljina,,
Rahmatganj MFS,,
Railways FC,,
Raith,,
Rakhine Utd,,
Rangers LFC (W),,
Rapid Vienna,,
Raya Sporting FC,,
Rayon Sports FC,,
Reading U21,,
Real Aviles,,
Real Brasilia FC U20,,
Real Cartagena,,
Real De Banjul,,
Real Espana,,
Real Madrid Castilla,,
Real Madrid FC (W),,
Real Madrid U19,,
Real Madriz,,
Real Oviedo II,,
Real Santander,,
Real Soacha Cundinamarca FC,,
Real Sociedad U21,,
Real Tomayapo,,
Reboceros De La Piedad,,
Red Bull Bragantino U20,,
Redditch United,,
Referencia FC U20,,
Reims,,
Remo,,
Rennes,,
Resources Capital FC,,
Retro FC Brasil,,
Retro U20,,
Reus FC Reddis,,
Rio Ave FC U23,,
Rio Branco ES Youth,,
Rodez,,
Roma U20,,
Rosenborg U19,,
Rot-Weiss Essen,,
Rousset Ste Victoire,,
Royal Thai Air Force Acade,,
Rudar Pljevlja,,
Rudar Prijedor,,
Rudes,,
Runcorn Linnets FC,,
Rutsiro FC,,
S.L. Benfica (W),,
SC Dimona,,
SC Internacional PA U20 (W),,
SC Kiyovu,,
SC Uniao Torreense U23,,
SC Villa,,
SC Wiener Neustadt,,
SD Deusto,,
SG E Frankfurt U19,,
SG Essen-Schonebeck (W),,
SKN St. Polten (W),,
SSV Ulm,,
SU Dinamo Jug,,
SV Britannia,,
SV Bubali,,
SV Caiquetio,,
SV Deportivo Nacional,,
SV Estrella,,
SV La Fama,,
SV Sporting Aruba,,
Saarbrucken,,
Sabadell,,
Sabah FA,,
Sabail,,
Saint George FC,,
Saint-Etienne (W),,
Salalah SC,,
Salernitana U19,,
Salisbury City,,
Samger FC,,
Samma,,
Samsunspor U19,,
Samut Sakhon City FC,,
Samut Songkhram City,,
San Jose Capital,,
San Jose Interior,,
San Juan FC,,
San Juan Jabloteh,,
San Lorenzo,,
San Luis,,
San Miguelito (Res),,
Sandefjord,,
Sang Maestro,,
Sanliurfaspor,,
Santa Clara U23,,
Santa Cruz FC U20,,
Santa Fe,,
Santa Fe U20,,
Santarem,,
Santiago Wanderers,,
Santo Andre,,
Santos Laguna (W),,
Santos Laguna U21,,
Santos U20,,
Santos U20 (W),,
Sao Bento,,
Sao Bento U20,,
Sao Jose EC SP,,
Sao Paulo U20,,
Sapporo,,
Sarajevo,,
Sariyer G.K.,,
Sars Allian SC,,
Sassari Torres,,
Sassuolo U20,,
Saudi Arabia U23,,
Scarborough Athletic,,
Schweinfurt,,
Selangor FA,,
Sendai,,
Septemvri,,
Seraing United U21,,
Seraing Utd,,
Sertaozinho,,
Servette FC U21,,
Sevilla B,,
Shabab Al Ahli Dubai FC U21,,
Shabab Al Ahli Dubai U19,,
Shabab Al Ahli U23,,
Shabab Al Ordon,,
Shabana,,
Shafa Baku FC,,
Sham Shui Po,,
Shatin SA,,
Sheff Utd U21,,
Sheff Wed U21,,
Sheffield United (W),,
Sheger Ketema,,
Shimizu,,
Shonan,,
Siena,,
Sighetu Marmatiei,,
Sila SC,,
Silifke Belediye Spor,,
Silivrispor,,
Silsden AFC,,
Simal FK,,
Singapore (W),,
Sirens FC,,
Sitra,,
Skovde,,
Slavia Sofia,,
Sloga Doboj,,
Slough Town,,
Slovacko,,
Sochaux,,
Sofapaka,,
Soke 1970 Spor Kulubu,,
Somaspor Spor Kulubu,,
Sonderjyske,,
Sorrento,,
Sotra SK,,
South China,,
South Korea U23,,
South Shields,,
Southampton (W),,
Southampton U21,,
Southern District,,
Southport,,
Spain U19,,
Spanish Town Police,,
Spartak Pleven,,
Spartak Varna,,
Spennymoor Town,,
Spezia,,
Sport Boys (Per),,
Sport Club do Recife U20,,
Sport Recife,,
Sporting Braga U23,,
Sporting CP U21,,
Sporting Lisbon U23,,
Sportivo Belgrano,,
Sportivo Luquen,,
Sporty FC,,
Sriwijaya,,
St Andrew Lions,,
St Patricks,,
St.Anna,,
Stabaek (W),,
Stade Tunisien,,
Stamford,,
Steve Biko FC,,
Stirling,,
Stjarnan,,
Stockport County Reserves,,
Stockport County U21,,
Stoke U21,,
Strasbourg (W),,
Stuttgart II,,
Suchitepequez,,
Sudtirol,,
Suhag,,
Suhul Shire,,
Sumset United,,
Sunderland (W),,
Sunderland U21,,
Supreme FC,,
Sur Club,,
Suvermez Kapadokya Spor,,
Svay Rieng FC,,
Swansea U21,,
Swedru All Blacks FC,,
Swieqi United FC,,
Swindon Supermarine,,
Sydney FC (W),,
Syria U23,,
Szeged 2011,,
TMT FC,,
TPS,,
TSV Havelse,,
Tadamon Sour,,
Tahiti United FC,,
Tai Po U22,,
Taichung Futuro FC,,
Taichung Rock FC,,
Taipower,,
Taiwan Steel,,
Talavera CF,,
Talleres,,
Tampico Madero,,
Tampines Rovers II,,
Tanjong Pagar United,,
Tanjong Pagar United II,,
Tanta,,
Tapachula Soconusco FC,,
Tapatio,,
Tatung FC,,
Taubate,,
Taubate U20,,
Team FC,,
Team Rhino FC,,
Techiman Eleven Wonders,,
Tecos FC,,
Tekstilac Odzaci,,
Tel Bani Swaif,,
Tenerife B,,
Terengganu,,
Terminix Rangers,,
Ternana (W),,
Terrassa,,
Tersana SC,,
Thailand (W),,
Thailand U23,,
Thitsar Arman FC,,
Throttur,,
Tiffy Army FC,,
Tigres (W),,
Tigres FC Zipaquira,,
Tigres de Alica FC,,
Tijuana,,
Tijuana U21,,
Tiverton Town,,
Tivoli Gardens,,
Tobago FC Phoenix,,
Toluca,,
Toluca (W),,
Tonbridge Angels,,
Torino U20,,
Toronto FC,,
Torquay,,
Torque,,
Torrent CF,,
Tosu,,
Tottenham (W),,
Tottenham U21,,
Tottori,,
Toyama,,
Trabalhadores,,
Tranent Juniors,,
Tranmere,,
Treasure Beach FC,,
Trefelin,,
Trethomas Bluebirds AFC,,
Treze,,
Tri Brata Rafflesia FC,,
Triestina,,
Trindade AC U20,,
Tritones Vallarta MFC,,
Tromso,,
Tromso U19,,
Tuna Luso U20,,
Tung Sing,,
Turk Metal 1963,,
Tuwaiq,,
Tuzos de la UAZ,,
Twente (W),,
UAE,,
UCD,,
UD Alzira,,
UD Barbastro,,
UD Las Palmas II,,
UD Poblense,,
UD Samano,,
UD Torre del Mar,,
UE Porreres,,
UE Sant Andreu,,
UM das Cruzes U20,,
UM-Damansara United,,
UMECIT (Res),,
UNAN Managua,,
UPDF FC,,
US Biskra,,
US Chaouia,,
US Lusitanos Saint Maur,,
US Monastirienne,,
USA (W),,
USFAS Bamako,,
UTC Cajamarca,,
Udelas FC,,
Udon Banjan United,,
Uganda Police,,
Uganda Revenue Authority,,
Ujpest,,
Ulinzi Stars,,
Ulsan Hyundai Horang-i,,
Umm-Salal U23,,
Uniao Barbarense,,
Uniao EC Rondonopolis (Res),,
Uniao Sao Joao,,
Union Cocle,,
Union Cocle (Res),,
Union Magdalena,,
Union San Felipe,,
Union de Touarga,,
United Arab Emirates U23,,
Univ Catolica (Chile),,
Universidad Guadalajara,,
Universidad O&M,,
Universidad de Venezuela,,
Universitario de Vinto,,
União de Leiria U23,,
Up Fighting Maroons,,
Urawa,,
Usm Annaba,,
Uta Arad,,
Uzbekistan U23,,
Valencia-Mestalla,,
Valerenga (W),,
Valerenga U19,,
Van Buyuksehir Belediye,,
Van Buyuksehir Belediyesp,,
Van Buyuksehir Belediyespor,,
Varnamo,,
Vasco Da Gama,,
Vasco da Gama U20,,
Velez Mostar,,
Velo Clube Rioclarense U20,,
Venados FC,,
Verl,,
Verona,,
Vietnam U23,,
Vihren Sandanski,,
Vikingur Reykjavik,,
Viktoria Koln,,
Vila Nova U20,,
Villa Belgrano,,
Villarreal B,,
Villarreal CF III,,
Vipers SC,,
Visakha FC,,
Vitoria BA U20,,
Vizela U23,,
Votuporanguense,,
Vozdovac,,
WSE,,
WSG Wattens,,
Waanal Brothers FC,,
Waasland-Beveren (Res),,
Waldhof Mannheim,,
Walton & Hersham,,
Wanderers (Uru),,
Wasquehal,,
Waterhouse FC,,
Watford U21,,
Wehen Wiesbaden,,
Welayta Dicha,,
Welling Utd,,
Wellington Phoenix (W),,
Welwalo Adigrat University,,
Werder Bremen (W),,
West Brom (W),,
West Brom U21,,
West Ham,,
West Ham U21,,
West Ham United (W),,
Westbury United,,
Westerlo (Res),,
Western Sydney (W),,
Western Sydney Wanderers (,,
Western Sydney Wanderers (W),,
Wigan,,
Wigan Athletic U21,,
Wofoo Tai Po,,
Wolfsburg (W),,
Wolverhampton Wanderers (W),,
Wolves,,
Wolves U21,,
Worksop Town,,
Worthing,,
XV De Jau,,
XV De Piracicaba,,
XV Jau U20,,
XV de Piracicaba,,
XV de Piracicaba U20,,
Xelaju,,
Yadanarbon,,
Yamagata,,
Yangon City,,
Yangon United,,
Yarmouk,,
Yeka Kifle Ketema,,
Yeni Amasyaspor,,
Yesil Yalova FK,,
Yokohama FM,,
Young Lions II,,
Yuen Long,,
Zacatecoluca FC,,
Zamora,,
Zanaco FC,,
Zaqatala,,
Zebbug Rangers FC,,
Zeljeznicar,,
Zemplin,,
Zitacuaro CF,,
Zizkov,,
Zlate Moravce,,
Zonguldakspor,,
Zrinjski,,
Zurrieq,,