Oddswar,Stoiximan,Confidence
1461 Trabzon,,
1860 Munich,TSV 1860 Munchen,100.0
1926 Polatli Belediye Spor,Polatli Belediye Spor,100.0
3 Sing FC,,
68 Aksaray Belediyespor,68 Aksaray Belediyespor,100.0
76 Igdir Belediyespor,Igdir Belediyespor,100.0
A.C. Trento S.C.S.D.,Trento Calcio 1921,100.0
A.S. Gosier,,
AA Portuguesa U20,,
AC Bra,AC Bra,100.0
AC Milan,AC Milan,100.0
AC Milan U20,AC Milan U20,100.0
AC Monza,AC Monza,100.0
AC Ospitaletto,AC Ospitaletto,100.0
AC Oulu,AC Oulu,100.0
AC Port Of Spain,AC Port of Spain,100.0
AC Taipei,AC Taipei,100.0
ACS Dumbravita,CSC Dumbravita,100.0
ACS Fotbal Club Bacau,FC Bacau,100.0
ACS Muscelul Campulung Elite,FC Muscelul Campulung,100.0
ACS Petrolul 52,Petrolul Ploiesti,100.0
ACS Sepsi OSK,ACS Sepsi,100.0
AD Centro Olimpico U20 (W),,
AD Ceuta FC,AD Ceuta FC,100.0
AD Municipal Liberia,Municipal Liberia,100.0
ADO Den Haag,ADO Den Haag,100.0
AEK Athens,AEK Athens,100.0
AEK Larnaca,AEK Larnaca,100.0
AFC Amsterdam,,
AFC Dunstable,AFC Dunstable,100.0
AFC Fylde,AFC Fylde,100.0
AFC Leopards SC (Kenya),AFC Leopards SC,100.0
AFC Sudbury,,
AFC Telford,AFC Telford United,100.0
AFC Totton,AFC Totton,100.0
AFC Wimbledon,AFC Wimbledon,100.0
AGF,Aarhus GF,100.0
AL Dhaid U19,Al Dhaid U19,100.0
AL Taawon Buraidah U21,,
AL Wakrah U23,Al Wakrah U23,100.0
AL Wasl U19,Al Wasl U19,100.0
AS Camberene,AS Camberene,100.0
AS Dakar SC,,
AS Douanes Nouakchott,AS Douanes Nouakchott,100.0
AS Monaco U21,,
AS Pikine,AS Pikine,100.0
AS Pompier,,
AS Roma (W),AS Roma (W),100.0
ASA Targu Mures,AFC ASA Targu Mures,100.0
ASC SNIM,ASC Snim,100.0
ASC Walidaan,,
ASD Alcione,Alcione Milano,100.0
ASD Camaiore,ASD Camaiore Calcio,100.0
ASD Pineto Calcio,ASD Pineto Calcio,100.0
ASO Chlef,Aso Chlef,100.0
AVS Futebol SAD,AVS Futebol SAD,100.0
AZ Alkmaar,AZ Alkmaar,100.0
AZ Picerno ASD,Picerno,100.0
Aalesunds,Aalesunds FK,100.0
Aali Club,Aali FC,100.0
Aarau,FC Aarau,100.0
Aberdeen,Aberdeen FC,100.0
Abha,,
Abia Warriors,Abia Warriors,100.0
Academia de Balompie Boliviano,Academia de Balompié Boliviano,100.0
Academico de Viseu,Academico Viseu,100.0
Academico de Viseu U23,Academico Viseu U23,100.0
Accrington,Accrington Stanley,100.0
Achuapa FC,Achuapa,100.0
Adana 1954 FK,Adana 1954 FK,100.0
Adana Demirspor,Adana Demirspor,100.0
Adelaide United,Adelaide United,100.0
Adelaide United (W),Adelaide United (W),100.0
Admira Wacker,FC Admira Wacker Modling,100.0
Agsu,Difai Agsu,100.0
Airdrieonians,Airdrieonians,100.0
Airtel Kitara FC,Kitara FC,100.0
Ajax,AFC Ajax,100.0
Ajman Club,Ajman Club,100.0
Ajman U23,Oman U23,82.4
Akor FC Jombang,,
Al Adalah U21,,
Al Ahli,Al-Ahli SFC,100.0
Al Ahli (BRN),,
Al Ahli (QAT),Al-Ahli SFC,100.0
Al Ahli (UAE),,
Al Ahly Cairo,Al-Ahly Cairo,100.0
Al Ain,Al Ain FC,100.0
Al Ain U19,,
Al Ain U23,AL Ain FC U23,100.0
Al Arabi (JOR),,
Al Arabi (QAT),,
Al Arabi Kuwait,,
Al Bataeh,,
Al Batin,Al-Batin FC,100.0
Al Budaiya,,
Al Bukayriyah,,
Al Dhafra,,
Al Dhafra U23,,
Al Draih,Al Draih,100.0
Al Fahaheel FC,,
Al Faisaly ( KSA ),Al Faisaly,100.0
Al Faisaly Amman,Al Faisaly Amman,100.0
Al Feiha U21,Al Fateh U21,83.3
Al Fujairah U19,,
Al Gharafa,Al Gharafa,100.0
Al Hamriyah,Al Hamriyah,100.0
Al Hidd,Al Hidd Club,100.0
Al Hikma,Al Hikma,100.0
Al Hilal Omdurman,Al-Hilal Omdurman,100.0
Al Hussein SC,Al Hussein SC,100.0
Al Ittihad (EGY),Al Ittihad Alexandria,100.0
Al Ittihad Kalba U19,Al Ittihad Kalba U19,100.0
Al Jabalain,Al Jabalain,100.0
Al Jahra,Al Jazira,82.4
Al Jazira,,
Al Jazira Al Hamra,,
Al Jazira U19,,
Al Jazira U23,,
Al Jeel,Al Jeel,100.0
Al Jubail,Al Jubail,100.0
Al Khalidiyah,Al Kharitiyath,100.0
Al Kholood U21,,
Al Merreikh,,
Al Msnaa,,
Al Nahdha,,
Al Najma (BRN),,
Al Najma Club,Al-Najma (KSA),100.0
Al Nasr (UAE),,
Al Nasr SC U19,,
Al Nasr U23,Al Nasr SC U23,100.0
Al Nassr,Al Nasr SC Dubai,100.0
Al Oruba,Al Oruba,100.0
Al Orubah,Al-Orobah FC,100.0
Al Orubah U21,AL Orobah U21,100.0
Al Rams U19,,
Al Ramtha,,
Al Rayyan,Al Rayan,100.0
Al Riffa,Al Riffa,100.0
Al Riyadh SC,Al-Riyadh SC,100.0
Al Riyadi Al Abassiya,Riyadi Abbasiya,100.0
Al Sadd,Al-Sadd FC,100.0
Al Sailiya,Al Sailiya SC,100.0
Al Salmiyah,,
Al Salt,Al Salt,100.0
Al Seeb,Al Seeb,100.0
Al Shabab,Al Shabab,100.0
Al Shahaniya,Al Shahaniya,100.0
Al Shahaniya U23,Al Shahaniya U23,100.0
Al Shamal,Al Shamal,100.0
Al Sharjah,,
Al Tadhamon,AL Tadamon Sour,100.0
Al Taee,,
Al Wahda (Abu Dhabi),Al Wahda (UAE),100.0
Al Wahda Abu Dhabi U19,,
Al Wakrah U23,,
Al Wasl,,
Al Wasl U23,,
Al-Adalh,Al-Adalah FC,100.0
Al-Ahli Doha U23,,
Al-Akhdoud,Al-Okhdood Club,100.0
Al-Ansar,AL Ansar,100.0
Al-Anwar Club,Al Anwar,100.0
Al-Arabi Al-Saudi,Al Arabi Al Saudi,100.0
Al-Arabi Umm Quwain,,
Al-Baq'a,Al-Baqaa,100.0
Al-Bourj FC,Al-Bourj,100.0
Al-Duhail SC,Al-Duhail SC,100.0
Al-Duhail SC U23,,
Al-Ettifaq,Al Ittifaq FC,100.0
Al-Fateh (KSA),Al-Fateh SC,100.0
Al-Feiha,,
Al-Fujairah FC,,
Al-Gharafa SC U23,Al Gharafa U23,100.0
Al-Hazm (KSA),Al-Hazem SC,100.0
Al-Hilal,Al-Hilal SFC,100.0
Al-Hilal Riyadh U21,Al Hilal Riyadh U21,100.0
Al-Ittifaq Maqaba,Al Ittifaq Maqaba,100.0
Al-Ittihad,Al-Ittihad Club,100.0
Al-Ittihad Kalba,Al Ittihad Kalba,100.0
Al-Jndal,Al Jandal,100.0
Al-Kawkab,Al Kawkab,100.0
Al-Khaboora,Al-Khaboora,100.0
Al-Khaleej Saihat,,
Al-Kholood Club,,
Al-Lewaa,,
Al-Masry,Al-Masry,100.0
Al-Mudhaibi,Al Mudhaibi,100.0
Al-Muharraq,Al-Muharraq SC,100.0
Al-Nassr Riyadh U21,Al-Shabab Riyadh U21,100.0
Al-Nojoom,,
Al-Qadsia,,
Al-Quadisiya (KSA),,
Al-Raed (KSA),Al-Raed SFC,100.0
Al-Rustaq,,
Al-Sadd,,
Al-Sailiya U23,Al Sailiya U23,100.0
Al-Saqer FC,,
Al-Shabab,,
Al-Shabab (KSA),Al-Shabab FC,100.0
Al-Shabbab (BRN),,
Al-Taawoun Buraidah,Al-Taawoun FC,100.0
Al-Thaid,,
Al-Ula FC,,
Al-Wahda (KSA),Al Wahda (Oman),100.0
Al-Wakra,,
Al-Wehdat,Al-Wehda FC,80.0
Al-Zulfi SC,,
Alagoinhas BA U20,,
Alanyaspor,Alanyaspor,100.0
Alaves,Deportivo Alaves,100.0
Albacete,Albacete Balompie,100.0
Albinoleffe,UC Albinoleffe,100.0
Albirex Niigata (SIN),Albirex Niigata Singapore,100.0
Alcorcon,,
Aldershot,Aldershot Town,100.0
Alemannia Aachen,TSV Alemannia Aachen,100.0
Alfreton Town,Alfreton Town,100.0
Algeciras,CF Algeciras,100.0
Algeria,Algeria,100.0
Alhashemyya,Al Hashemeya,100.0
Aliaga Futbol AS,Aliaga Bld.Spor,100.0
Alianza FC (SLV),Alianza San Salvador,100.0
Alloa,Alloa Athletic,100.0
Almere City,Almere City FC,100.0
Almeria,UD Almeria,100.0
Altay,,
Altinordu,Altinordu,100.0
Altrincham,Altrincham FC,100.0
Alvechurch,Alvechurch,100.0
Alverca,"Alverca

",100.0
Always Ready,Always Ready,100.0
Amed Sportif Faaliyetle,,
Amed Sportif Faaliyetler,,
America MG U20,Americano RJ U20,80.0
Amiens,Amiens SC,100.0
Amman,Amman FC,100.0
Anderlecht,RSC Anderlecht,100.0
Anderlecht (Res),,
Anderlecht B,Anderlecht II,100.0
Andorra CF,FC Andorra,100.0
Angers,Angers SCO,100.0
Angola,Angola,100.0
Ankara Demirspor,Ankara Demirspor,100.0
Ankaragucu,MKE Ankaragucu,100.0
Ankaraspor,Ankaraspor,100.0
Annan,Annan Athletic,100.0
Annecy,Annecy FC,100.0
Anstey Nomads,,
Antalyaspor,Antalyaspor,100.0
Antequera CF,Antequera FC,100.0
Antigua GFC,Antigua GFC,100.0
Antwerp,Royal Antwerp FC,100.0
Aracatuba FC U20,,
Araz Nakhchivan PFK,Araz-Naxcivan PFK,100.0
Arba Minch,Arba Minch Kenema,100.0
Arbroath,Arbroath FC,100.0
Arda,FC Arda Kardzhali,100.0
Arema Cronus,,
Arenteiro,CD Arenteiro,100.0
Arezzo,SS Arezzo,100.0
Argentina,Argentina,100.0
Argentinos Juniors,,
Arges Pitesti,FC Arges Pitesti,100.0
Aritma Praha,SK Aritma Praha,100.0
Arminia Bielefeld,Arminia Bielefeld,100.0
Arnett Gardens FC,Arnett Gardens FC,100.0
Arouca,FC Arouca,100.0
Arsenal,Arsenal FC,100.0
Arsenal (W),Arsenal FC (W),100.0
Arsenal U19,Arsenal FC U19,100.0
Arzignanochiampo,FC Arzignano Valchiampo,100.0
As Kigali,AS Kigali,100.0
Ascoli,Ascoli Calcio 1898,100.0
Aston Villa,Aston Villa,100.0
Aston Villa (W),Aston Villa (W),100.0
Atalanta,Atalanta,100.0
Atalanta B,,
Atalanta U20,Atalanta U20,100.0
Athletic Bilbao,Athletic Bilbao,100.0
Athletic Bilbao U19,Athletic Bilbao U19,100.0
Athletico-PR,Athletico PR,100.0
Atlantico FC,Atlantico EC,100.0
Atlas,,
Atletic Club Escaldes,,
Atletico Baleares,CD Atletico Baleares,100.0
Atletico MG,Atletico Cp,81.8
Atletico Madrid,Atletico Madrid,100.0
Atletico Madrid (W),Atletico Madrid (W),100.0
Atletico Madrid II,Atletico Madrid II,100.0
Atletico Nacional Medellin,Atletico Nacional,100.0
Atletico PI U20,,
Atletico Paranaense U20,,
Atletico Sanluqueno CF,Atletico Sanluqueno CF,100.0
Aubagne FC,Aubagne FC,100.0
Auckland FC,Auckland FC,100.0
Audace Cerignola,Audace Cerignola,100.0
Augsburg,FC Augsburg,100.0
Aurora,Club Aurora,100.0
Aurora FC,Aurora FC (GUA),100.0
Aurora Pro Patria 1919,Aurora Pro Patria,100.0
Australia,Australia,100.0
Australia U23,,
Austria,Austria,100.0
Austria Klagenfurt,SK Austria Klagenfurt,100.0
Austria Wien,FK Austria Vienna,100.0
Austria Wien (A),FK Austria Vienna II,100.0
Auxerre,AJ Auxerre,100.0
Avranches,,
Ayeyawady United,,
Ayr,Ayr United,100.0
Ayutthaya United,Ayutthaya United,100.0
Az Alkmaar,AZ Alkmaar,100.0
BG Pathumthani United,BG Pathum United F.C,100.0
Bahia,,
Bahir Dar FC,Bahir Dar Kenema,100.0
Bahla,,
Bahrain SC,,
Baku Sporting,Baku Sporting FC,100.0
Bala Town,,
Balestier Khalsa,Balestier Khalsa FC,100.0
Balestier Khalsa II,,
Bali Utd Pusam,,
Balikesirspor,,
Ballinamallard United,,
Ballymena,Ballymena United FC,100.0
Banbury Utd,Banbury United,100.0
Bandari FC (Kenya),,
Bandirmaspor,Bandirmaspor,100.0
Bangkok FC,Bangkok FC,100.0
Bangkok Utd,Bangkok United,100.0
Bangor,Bangor FC,100.0
Bangu U20,,
Bani Yas,,
Bani Yas U23,,
Banik Ostrava,FC Banik Ostrava,100.0
Barcelona,FC Barcelona,100.0
Barcelona (W),FC Barcelona (W),100.0
Barnet,Barnet FC,100.0
Barnsley,Barnsley FC,100.0
Barnsley U21,,
Barra SE U20,,
Barrow,Barrow FC,100.0
Barry Town Utd,Barry Town FC,100.0
Barwell,Barwell,100.0
Basaksehir,Istanbul Basaksehir FK,100.0
Bashundhara Kings,Bashundhara Kings,100.0
Bastia,SC Bastia,100.0
Batavia FC,Batavia FC,100.0
Bath City,Bath City,100.0
Batman Petrolspor,,
Bayelsa United FC,Bayelsa United FC,100.0
Bayern Munich,FC Bayern Munchen,100.0
Bayern Munich (W),FC Bayern Munchen (W),100.0
Bechem United,Bechem United,100.0
Bedford Town,Bedford Town,100.0
Beijing Guoan,Beijing Guoan,100.0
Beitar Jerusalem,Beitar Jerusalem,100.0
Bekasi City,,
Belediye Derincespor,,
Bellinzona,AC Bellinzona,100.0
Belouizdad,CR Belouizdad,100.0
Bench Maji Bunna,,
Benevento,Benevento Calcio,100.0
Benfica,SL Benfica,100.0
Benfica B,,
Benfica U21,,
Benfica U23,,
Beni Mazar,Beni Mazar,100.0
Benin,Benin,100.0
Beroe Stara Za,,
Besiktas,Besiktas JK,100.0
Betis,Real Betis Balompie,100.0
Betis Sevilla U19,,
Beykoz Anadolu Spor,Beykoz Anadolu,100.0
Beyoglu Yeni Carsi,Beyoglu Yeni Carsi FK,100.0
Bhayangkara FC,Bhayangkara Solo FC,100.0
Biesheim,Biesheim Asc,100.0
Biggleswade FC,,
Bihar,,
Bihor Oradea,FC Bihor Oradea,100.0
Birkirkara,Birkirkara FC,87.0
Birmingham,Birmingham,100.0
Birmingham (W),Birmingham (W),100.0
Birmingham U21,Birmingham U21,100.0
Bishops Stortford,,
Blackburn,Blackburn Rovers,100.0
Blackburn U21,,
Blackpool,Blackpool FC,100.0
Blooming Santa Cruz,Blooming Santa Cruz,100.0
Bnei Sakhnin,Bnei Sakhnin FC,100.0
Bnei Yehuda,Bnei Yehuda Tel Aviv,100.0
Bochum,VfL Bochum,100.0
Bodo Glimt,FK Bodo/Glimt,100.0
Bodo/Glimt U19,FK Bodo/Glimt U19,100.0
Bodrum Belediyesi Bodrumspor,Bodrumspor,100.0
Bodrumspor,Bodrumspor,100.0
Bohemians 1905,Bohemians 1905,100.0
Bolivar,Bolivar La Paz,100.0
Bolivia,,
Bologna,Bologna FC,100.0
Bolton,Bolton,100.0
Boluspor,Boluspor,100.0
Bombada FC,,
Borac Banja Luka,Borac Banja Luka,100.0
Boreham Wood,Boreham Wood,100.0
Boston Utd,Boston United,100.0
Botev Plovdiv,PFC Botev Plovdiv,100.0
Botev Vratsa,POFC Botev Vratsa,100.0
Botosani,FC Botosani,100.0
Botswana,Botswana,100.0
Boulogne,Boulogne Sur Mer,100.0
Bourg-en-Bresse,FC Bourg Peronnas,100.0
Bournemouth,AFC Bournemouth,100.0
Bournemouth U21,,
Brackley Town,Brackley Town,100.0
Bradford,Bradford City,100.0
Braga,SC Braga,100.0
Braintree,Braintree Town,100.0
Brann,SK Brann,100.0
Braunschweig,Eintracht Braunschweig,100.0
Brazil,Brazil,100.0
Bregenz,SW Bregenz,100.0
Breidablik,Breidablik Kopavogur,100.0
Brentford,Brentford FC,100.0
Brest,Stade Brestois 29,100.0
Brighton,Brighton & Hove Albion,100.0
Brighton (W),Brighton & Hove Albion (W),100.0
Brighton U21,Brighton U21,100.0
Brikama Utd,Brikama United,100.0
Brisbane Roar,Brisbane Roar FC,100.0
Brisbane Roar FC (W),Brisbane Roar FC (W),100.0
Bristol City,Bristol City,100.0
Bristol City U21,Stoke City U21,80.0
Bristol Rovers,Bristol Rovers,100.0
Briton Ferry Llansawel,Briton Ferry,100.0
Bromley,Bromley FC,100.0
Bromley U21,Bromley U21,100.0
Brondby,Brøndby IF,100.0
Brothers Union,,
Bryne,Bryne FK,100.0
Bucaspor,Bucaspor,100.0
Buhimba Saints United,Buhimba Saints United FC,100.0
Bul FC,Bul FC,100.0
Bulancakspor,Bulancakspor,100.0
Bulvarspor,Bulvarspor,100.0
Bunga Raya FC,,
Burgos,Burgos CF,100.0
Buriram Utd,Buriram United,100.0
Burkina Faso,Burkina Faso,100.0
Burnley,Burnley FC,100.0
Burnley U21,,
Bursa Nilufer 2021 FK,Bursa Nilufer,100.0
Bursa Yildirim Spor,,
Bursaspor,Bursaspor,100.0
Burton Albion,Burton Albion,100.0
Buxton,Buxton FC,100.0
CA Assisense U20,,
CA Batna,CA Batna,100.0
CA Ituzaingo,,
CA Osasuna II,CA Osasuna II,100.0
CA Platense,CD Platense,100.0
CD Aguila,CD Anguiano,100.0
CD Cacahuatique,CD Cacahuatique,100.0
CD Castellon,CD Castellon,100.0
CD Gualberto Villarroel,,
CD Luis Angel Firpo,CD Luis Angel Firpo,100.0
CD Marathon,CD Marathon,100.0
CD Motagua,CD Motagua,100.0
CD Nacional Funchal,,
CD Olimpia,CD Olimpia,100.0
CDT Real Oruro,CDT Real Oruro,100.0
CE Carroi,CE Carroi,100.0
CE Europa,CE Europa,100.0
CF America,,
CF Bihorul Beius,,
CFR Cluj,CFR Cluj,100.0
CS Afumati,CS Afumati,100.0
CS Cartagines,CS Cartagines,100.0
CS Constantine,CS Constantine,100.0
CS FC Dinamo Bucuresti,CS Dinamo Bucuresti,100.0
CS Gloria 2018 Bistrita-Na,Gloria 2018 Bistrita Nasaud,100.0
CS Tunari,CS Tunari,100.0
CSA Steaua Bucuresti,Steaua Bucuresti,100.0
CSC 1599 Selimbar,CS Comunal 1599 Selimbar,100.0
CSD Municipal,CSD Municipal,100.0
CSKA 1948 Sofia,FC CSKA 1948 Sofia,100.0
CSKA Sofia,PFC CSKA-Sofia,100.0
CSM Satu Mare,CSM Satu Mare,100.0
CSM Scolar Resita,CSM Resita,100.0
CSM Slatina,CSM Slatina,100.0
Cacereno,CP Cacereño,100.0
Cadiz,Cadiz CF,100.0
Caernarfon Town,Caernarfon Town,100.0
Cafe Sidama,,
Cagliari,Cagliari Calcio,100.0
Cagliari U20,Cagliari U20,100.0
Calcio Avellino SSD,US Avellino,100.0
Caledonia AIA,Morvant Caledonia United,100.0
Calvary FC,,
Cambridge Utd,Cambridge United,100.0
Cambuur Leeuwarden,SC Cambuur,100.0
Cameroon,Cameroon,100.0
Canaa Esporte Clube U20,,
Canberra United (W),Canberra United (W),100.0
Canet Roussillon FC,Canet Roussillon,100.0
Cape Verde,Cape Verde,100.0
Carajas EC U20,,
Cardiff,Cardiff City,100.0
Cardiff Metropolitan,Cardiff Met University,100.0
Carlisle,Carlisle United,100.0
Carlton Town,Darlaston Town,84.6
Carpi,Athletic Carpi,100.0
Carrarese,Carrarese Calcio,100.0
Carrick Rangers,Carrick Rangers FC,100.0
Casa Pia,Casa Pia AC,100.0
Cascada SC,Cascada SC,100.0
Cascavel PR U20,FC Cascavel PR U20,90.9
Casertana,US Casertana 1908,100.0
Catania,Calcio Catania,100.0
Catanzaro,Catanzaro,100.0
Cavalier,Cavalier FC,100.0
Cavese 1919,Cairese 1919,100.0
Ceahlaul,CSM Ceahlaul Piatra Neamt,100.0
Ceara SC U20,,
Cebrayil FK,,
Celta Vigo,RC Celta de Vigo,100.0
Celta Vigo B,RC Celta de Vigo II,100.0
Celtic,Celtic FC,100.0
Central & West DR & SA,,
Central Coast Marin,Central Coast Mariners,100.0
Central Coast Mariners,Central Coast Mariners,100.0
Central Coast Mariners (W),,
Central FC,,
Ceramica Cleopatra,Ceramica Cleopatra,100.0
Cercle Brugge,Cercle Brugge KSV,100.0
Cerezo Osaka Sakai (W),,
Cesena,Cesena,100.0
Chapecoense U20,Chapecoense SC U20,90.9
Chapelton,Chapelton Maroons,100.0
Charleroi,,
Charlton,Charlton,100.0
Charlton U21,,
Chateauroux,LB Chateauroux,100.0
Chatham Town,Chatham Town,100.0
Chaves,,
Chelmsford,Chelmsford City,100.0
Chelsea,Chelsea FC,100.0
Chelsea (W),Chelsea LFC (W),100.0
Chelsea U21,,
Cheltenham,Cheltenham,100.0
Cherno More,PFC Cherno More Varna,100.0
Chesham Utd,Chesham Utd,100.0
Cheshunt,Cheshunt FC,100.0
Chester,Chester FC,
Chesterfield,Chesterfield FC,100.0
Chesterfield (Res),,
Chiangrai Utd,Chiangrai United,100.0
China U23,,
Chindia Targoviste,FC Chindia Targoviste,100.0
Chippenham,Chippenham Town,100.0
Chonburi,Chonburi FC,100.0
Chorley,Chorley,100.0
Cibao FC,Cibao FC,100.0
Citizen AA,,
Cittadella,AS Cittadella,100.0
City FC,,
Clermont,Clermont Foot,100.0
Cliftonville,Cliftonville FC,100.0
Clitheroe FC,Clitheroe FC,100.0
Club Atletico Pantoja,Club Atletico Parana,87.8
Club Brugge,Club Brugge KV,100.0
Club Brugge B,Club Brugge II,100.0
Club Brugge U19,Club Brugge KV U19,100.0
Club Football Estrela,CF Estrela,100.0
Club Independiente Petro,Independiente Petrolero,100.0
Club Independiente Petrolero,Independiente Petrolero,100.0
Clyde,Clyde,100.0
Colchester,Colchester United,100.0
Colchester United U21,Colchester United U21,100.0
Coleraine,Coleraine FC,100.0
Coleraine (Res),,
Colombia,Colombia,100.0
Colwyn Bay,Colwyn Bay,100.0
Comercial FC Tiete U20,,
Comercial FC U20,,
Como,Como 1907,100.0
Comoros,Comoros,100.0
Concarneau,Concarneau,100.0
Concordia Chiajna,CS Concordia Chiajna,100.0
Cong An Nhan Dan,Cong An Ha Noi,100.0
Cong an TP HCM U19,,
Connahs Quay,,
Consett,,
Coquimbo Unido,,
Cordoba,Cordoba CF,100.0
Corinthians,Corinthians SP,100.0
Corinthians U20,,
Corlu 1947 Spor,,
Corum Belediyespor,Corum Belediyespor,100.0
Cosenza,Cosenza Calcio,100.0
Cottbus,Energie Cottbus,100.0
Cove Rangers,Cove Rangers,100.0
Coventry,Coventry City,100.0
Coventry City U21,Coventry City U21,100.0
Cr Temouchent,CR Temouchent,100.0
Crawley Town,Crawley Town,100.0
Crewe,Crewe Alexandra,100.0
Criciuma U20,,
Croatia,Croatia,100.0
Croix Iris Club,,
Crotone,FC Crotone,100.0
Crusaders,Crusaders FC,100.0
Cruz Azul,Cruz Azul,100.0
Cruzeiro MG,Cruzeiro MG,100.0
Cruzeiro U20,,
Crvena Zvezda,Crvena Zvezda,100.0
Crystal Palace,Crystal Palace FC,100.0
Csikszereda,FK Csikszereda Miercurea Ciuc,100.0
Cukaricki,FK Cukaricki,100.0
Curacao,Curacao,100.0
Curzon Ashton,Curzon Ashton FC,100.0
Cusco FC,Cusco FC,100.0
Customs United,Customs United FC,90.3
DR Congo,DR Congo,100.0
Dag and Red,Dagenham & Redbridge,100.0
Dagon FC,,
Dagon Port FC,,
Dakar Sacre Couer,AS Dakar Sacre Coeur,86.5
Darajani Gogo,Darajani Gogo,100.0
Daring Brussels,,
Darlington,Darlington FC,100.0
De Graafschap,De Graafschap,100.0
De Treffers,,
Debreceni VSC,Debreceni VSC,100.0
Defence Force FC,Defence Force FC,100.0
Dejan FC,Dejan FC,100.0
Delfines Del Este,Delfines Del Este,100.0
Den Bosch,FC Den Bosch,100.0
Deportes Limache,Deportes Limache,100.0
Deportivo,,
Deportivo Irapuato FC,,
Deportivo Mictlan,,
Deportivo Mixco,CSyD Mixco,100.0
Deportivo Saprissa,Deportivo Saprissa,100.0
Derby,Derby County,100.0
Derby (Res),,
Derby U21,,
Dewa United FC,Akwa United FC,85.7
Dhaka Abahani,Dhaka Abahani LTD,100.0
Dhamk,Damac FC,100.0
Dhufar,Dhofar,100.0
Dibba Al Fujairah,Al Fujairah SC,100.0
Dibba Al Fujairah U23,Dibba Al Fujairah U23,100.0
Dibba Al-Hisn,,
Dijon,Dijon FCO,100.0
Dila Gori,FC Dila Gori,100.0
Dinamo Bucharest,Dinamo Bucuresti,100.0
Dinamo Minsk U19,FC Dinamo Minsk U19,100.0
Dinamo Tbilisi U19,FC Dinamo Tbilisi U19,100.0
Dinamo Tirana,,
Dinamo Zagreb,GNK Dinamo Zagreb,100.0
Diosgyori,Diosgyori Vtk,100.0
Dire Dawa Kima FC,,
Diyarbekirspor,,
Dobrudzha,PFC Dobrudzha Dobrich,100.0
Doncaster,Doncaster,100.0
Dong Nai U19,,
Doqarah FC,Doqarah FC,100.0
Dorking Wanderers,Dorking Wanderers,100.0
Dortmund,Borussia Dortmund,100.0
Dortmund U19,Borussia Dortmund U19,100.0
Dover,Dover Athletic,100.0
Drenica Skenderaj,Drenica Skenderaj,100.0
Duisburg,MSV Duisburg,100.0
Dukla Prague,FK Dukla Prague,100.0
Dulwich Hamlet,Dulwich Hamlet,100.0
Dumbarton,Dumbarton,100.0
Dunajska Streda,FC DAC 1904 Dunajska Streda,100.0
Dunbeholden FC,Dunbeholden FC,100.0
Dundee,Dundee FC,100.0
Dundee Utd,Dundee United FC,100.0
Dunfermline,Dunfermline Athletic,100.0
Dungannon,Dungannon Swifts,100.0
Dunkerque,USL Dunkerque,100.0
Durham (W),Durham (W),100.0
Dynamo Dresden,Dynamo Dresden,100.0
Dynamo Kiev,FC Dynamo Kyiv,100.0
Dynamo Kyiv U19,FC Dynamo Kyiv U19,100.0
EC Noroeste U20,,
EC Vitoria Salvador,,
ENPPI,Enppi Club,100.0
ES Ben Aknoun,ES Ben Aknoun,100.0
ES Mostaganem,ES Mostaganem,100.0
ES Setif,ES Setif,100.0
ESM Kolea,ESM Kolea,100.0
ESTAC Troyes,ES Troyes AC,100.0
East Fife,East Fife,100.0
East Kilbride,East Kilbride,100.0
Eastbourne,Eastbourne Borough,100.0
Eastern AA,Eastern SC,100.0
Eastern District SA,Eastern District,100.0
Eastleigh,Eastleigh FC,100.0
Ebbsfleet Utd,Ebbsfleet United,100.0
Ecuador,Ecuador,100.0
Edinburgh City,Edinburgh City,100.0
Edirnespor,,
Egnatia Rrogozhine,,
Egypt,Egypt,100.0
Eibar,SD Eibar,100.0
Eintracht Frankfurt,Eintracht Frankfurt,100.0
El Alameen,,
El Geish,Talaa El Geish,100.0
El Gounah,El Gouna FC,100.0
El Kanemi Warriors,El Kanemi Warriors,100.0
Elazigspor,Elazigspor,100.0
Elche,Elche CF,100.0
Eldense,CD Eldense,100.0
Elgin City FC,Elgin City,100.0
Elversberg,SV Elversberg,100.0
Emirates Club,,
Emmen,FC Emmen,100.0
Empoli,Empoli FC,100.0
Enfield Town,Enfield Town,100.0
England,England,100.0
Entebbe FC,Entebbe UPPC FC,100.0
Entella,Virtus Entella,100.0
Entente Feignies Aulnoye FC,Entente Feignies Aulnoye,100.0
Equatorial Guinea,Equatorial Guinea,100.0
Equity FC,Equity FC,100.0
Erbaaspor,Erbaaspor,100.0
Erciyes 38 FSK,Erciyes 38,100.0
Erokspor A.S,,
Erzgebirge,FC Erzgebirge Aue,100.0
Erzurum BB,Erzurum Buyuksehir Belediyesi Spor,100.0
Esan Pattaya,,
Esbjerg,Esbjerg FB,100.0
Eskisehirspor,Eskisehirspor,100.0
Espanyol,RCD Espanyol,100.0
Esporte Clube de Patos,,
Esporte de Patos U20,,
Estoril Praia,GD Estoril Praia,100.0
Estrela U23,Estrela Amadora U23,100.0
Estudiantes,Estudiantes de La Plata,100.0
Ethiopia Nigd Bank,Ethiopia Nigd Bank,100.0
Etihad Al Ramtha,Ittihad Al Ramtha,100.0
Etimesgut Belediyespor,Etimesgut Bld Spor,100.0
Etoile Carouge,Etoile Carouge,100.0
Eupen,KAS Eupen,100.0
Everton,Everton FC,100.0
Everton (W),Everton FC (W),100.0
Everton U21,Everton U21,100.0
Excelsior,Excelsior Rotterdam,100.0
Excelsior Maassluis,Excelsior Maassluis,100.0
Exeter,Exeter City,100.0
Exeter City U21,,
Express,Express FC,100.0
Eyupspor,Eyupspor,100.0
FC Aragvi Dusheti,Aragvi Dusheti,100.0
FC Ashdod,FC Ashdod,100.0
FC Atlas (W),FC Nantes (W),80.0
FC Basel,FC Basel,100.0
FC Blau Weiss Linz,FC Blau Weiss Linz,100.0
FC Cartagena,FC Cartagena,100.0
FC Copenhagen,FC Copenhagen,100.0
FC Crotone U19,FC Crotone U19,100.0
FC Dordrecht,FC Dordrecht 90,100.0
FC Eagles,,
FC Eindhoven,PSV Eindhoven,100.0
FC Giugliano,AS Giugliano Calcio 1928,100.0
FC Groningen,FC Groningen,100.0
FC Guidonia Montecelio 1937,Guidonia Montecelio 1937,100.0
FC Halifax Town,Halifax Town,100.0
FC Heidenheim,FC Heidenheim,100.0
FC Holon Yermiyahu,FC Holon Yirmiyahu,100.0
FC Hunedoara,Corvinul 1921 Hunedoara,100.0
FC Iberia 1999,FC Iberia 1999 Tbilisi,100.0
FC Iberia Tiblisi 1999 II,FC Iberia 1999 Tbilisi II,100.0
FC Juarez,,
FC Juarez (W),,
FC Kariobangi Sharks,Kariobangi Sharks,100.0
FC Koln,1. FC Köln,100.0
FC Koln U19,FC Köln U19,100.0
FC Kosice,FC Kosice,100.0
FC Liege,,
FC Lokomotivi Tbilisi,Lokomotiv Tbilisi,100.0
FC Maccabi Kiryat Gat Dudu,Maccabi Kiryat Gat,100.0
FC Magdeburg,1. FC Magdeburg,100.0
FC Meshakhte Tkibuli,Meshakhte Tkibuli,100.0
FC Metaloglobus Bucuresti,FC Metaloglobus Bucuresti,100.0
FC Midland,,
FC Midtjylland U19,FC Midtjylland U19,100.0
FC Noah,FC Noah,100.0
FC Nordsjaelland,Nordsjaelland,100.0
FC Nurnberg (W),FC Nurnberg (W),100.0
FC Odishi 1919,,
FC Osaka,FC Osaka,100.0
FC Oss,TOP Oss,100.0
FC Real Koyari,,
FC Sabah,FC Sabah,100.0
FC Santa Coloma,FC Santa Coloma,100.0
FC Sellier & Bellot Vlasim,FC Sellier & Bellot Vlasim,100.0
FC Talanta,Talanta,100.0
FC Telavi,FC Telavi,100.0
FC Twente,FC Twente Enschede,100.0
FC Utd Manchester,FC Utd of Manchester,100.0
FC Utrecht,FC Utrecht,100.0
FC Vaduz,FC Vaduz,100.0
FC Volendam,FC Volendam,100.0
FC Voluntari,FC Voluntari,100.0
FC Wil,FC Wil 1900,100.0
FC Zurich,FC Zurich,100.0
FCSB,FCSB,100.0
FCSB U19,FCSB U19,100.0
FCV Dender,FCV Dender EH,100.0
FK Arsenal Tivat,FK Arsenal Tivat,100.0
FK Backa Topola,TSC Backa Topola,100.0
FK Bokelj,FK Bokelj Kotor,100.0
FK Crvena Zvezda U19,Crvena Zvezda U19,100.0
FK Decic,FK Decic Tuzi,100.0
FK IMT Novi Beograd,FK Usce Novi Beograd,100.0
FK Jablonec,FK Jablonec,100.0
FK Javor Ivanjica,Javor Ivanjica,100.0
FK Mladost Donja Gorica,,
FK Mornar,FK Mornar Bar,100.0
FK Napredak,FK Napredak Krusevac,100.0
FK Novi Pazar,Novi Pazar,100.0
FK Podgorica,FK Podgorica,100.0
FK Qabala,FK Zaqatala,80.0
FK Radnicki 1923,FK Radnicki 1923 Kragujevac,100.0
FK Spartak,,
FK Sumqayit,Sumqayit FK,100.0
FK Sutjeska,FK Sutjeska,100.0
Fakirapool Young Men,Fakirapool Young Mens Club,100.0
Falkirk,Falkirk,100.0
Famalicao,FC Famalicao,100.0
Famalicao U23,,
Fanja,Fanja,100.0
Farense,SC Farense,100.0
Farnborough FC,Farnborough,100.0
Farul Constanta,Farul Constanta,100.0
Fasil Kenema,,
Fatih Karagumruk Istanbul,Fatih Karagumruk SK,100.0
Fatsa Belediyespor,,
Fayoum FC,Fayoum,100.0
Feirense,CD Feirense,100.0
Felgueiras,FC Felgueiras 1932,100.0
Fenerbahce,Fenerbahce SK,100.0
Ferencvaros,Ferencvarosi TC,100.0
Ferroviario CE U20,,
Feyenoord,Feyenoord Rotterdam,100.0
Fiorentina,AC Fiorentina,100.0
Fiorentina U20,,
Fjolnir,,
Fk Buducnost Podgorica,FK Buducnost Podgorica,100.0
Fk Jedinstvo Bijelo Polje,Jedinstvo Bijelo Polje,100.0
Fk Jezero,,
Fk Velez Mostar,FK Velez Mostar,100.0
Flamengo,Flamengo RJ,100.0
Flamengo U20 (W),Flamengo RJ (W) U20,100.0
Fleetwood Town,Fleetwood Town,100.0
Fleetwood Town U21,,
Fleury Merogis,Fleury 91,100.0
Flint Town United,Flint Town United,100.0
Floriana,Floriana FC,84.2
Floridsdorfer AC,Floridsdorfer AC,100.0
Fluminense,Fluminense RJ,100.0
Foggia,US Foggia,100.0
Fontenay Vendee,,
Forest Green,Forest Green Rovers,100.0
Forfar,Forfar Athletic,100.0
Forli,Forli,100.0
Fortis FC Limited,Fortis FC Limited,100.0
Fortuna Dusseldorf,Fortuna Dusseldorf,100.0
Fortuna Sittard,Fortuna Sittard,100.0
Fortune FC,Fortune FC,100.0
Fortune Sacco,,
Fram,,
Francana U20,,
France,France,100.0
Francs Borains,Francs Borains,100.0
Freiburg,SC Freiburg,100.0
Freiburg (W),SC Freiburg (W),100.0
Frosinone,Frosinone,100.0
Frosinone Calcio U20,Frosinone U20,100.0
Fuji University,Fuji University,100.0
Fulham,Fulham FC,100.0
G-Osaka,Gamba Osaka,100.0
GD Estoril Praia U23,GD Estoril Praia U23,100.0
GDL FC,,
GVVV,GVVV,100.0
Gabon,Gabon,100.0
Galata SK,Galata SK,100.0
Galatasaray,Galatasaray SK,100.0
Gambia Ports Authority,Gambia Ports Authority,100.0
Garforth Town,,
Garudayaksa FC,,
Gateshead,Gateshead FC,100.0
Gaziantep FK,Gaziantep FK,100.0
Genclerbirligi,Genclerbirligi,100.0
Genemuiden,,
Genk,KRC Genk,100.0
Genk U19,KRC Genk U19,100.0
Genoa,Genoa CFC,100.0
Genoa U20,,
Gent,KAA Gent,100.0
Germany,Germany,100.0
Getafe,Getafe CF,100.0
Geylang International II,,
Ghana,Ghana,100.0
Ghazl El Mahallah,,
Giana Erminio,AS Giana Erminio,100.0
Gil Vicente,Gil Vicente FC,100.0
Gil Vicente U23,,
Gillingham,Gillingham FC,100.0
Gimnastic,Gimnastic de Tarragona,100.0
Giresunspor,Giresunspor,100.0
Girona,Girona FC,100.0
Glenavon,FC Glenavon,100.0
Glenavon (Res),,
Glentoran,Glentoran FC,100.0
Gloucester,Gloucester City,100.0
Go Ahead Eagles,Go Ahead Eagles,100.0
Golden Gate SC,Golden Gate SC,100.0
Gor Mahia FC,Gor Mahia,100.0
Gorilla FC,Gorilla FC,100.0
Goztepe,Goztepe SK,100.0
Granada,Granada CF,100.0
Granada (W),Granada CF (W),100.0
Grasshoppers Zurich,Grasshoppers,100.0
Grazer AK,Grazer AK,100.0
Gremio,,
Gremio Prudente U20,,
Gremio U20 (W),,
Grenoble,Grenoble Foot 38,100.0
Gresik United,Gresik United,100.0
Greuther Furth,SpVgg Greuther Furth,100.0
Grimsby,Grimsby Town,100.0
Guabira,Guabira,100.0
Guadalajara,CD Guadalajara,100.0
Guanabara City U20,Guanabara City GO U20,92.3
Guarani SP U20,,
Gubbio,Gubbio 1910,100.0
Guimaraes,Vitoria Guimaraes,100.0
Guingamp,EA Guingamp,100.0
Gulf United,,
Gyori,FC Gyori Eto,100.0
Gzira United FC,Gzira United FC,100.0
HJK Helsinki U19,HJK Helsinki U19,100.0
HK Rangers U22,,
HNK Gorica,HNK Gorica,100.0
HOEK,,
HSC'21,Hsc'21,100.0
Hacken,BK Hacken,100.0
Hadiah Hosanna FC,,
Hafnarfjordur,FH Hafnarfjordur,100.0
Haiti,Haiti,100.0
Hajduk Split,HNK Hajduk Split,100.0
Hajer Club,,
Hamburger SV,Hamburger SV,100.0
Hamilton,Hamilton Academical,100.0
Hampton and Richmond,Hampton & Richmond Borough FC,100.0
Hamrun Spartans FC,Hamrun Spartans,100.0
Hang Yuen FC,,
Hannover,Hannover 96,100.0
Hansa Rostock,Hansa Rostock,100.0
Hanthawaddy United FC,,
Hanwell,Hanwell Town,100.0
Hapoel Afula,Hapoel Afula,100.0
Hapoel Akko,Hapoel Acre,100.0
Hapoel Beer Sheva,Hapoel Beer Sheva,100.0
Hapoel Haifa,Hapoel Haifa,100.0
Hapoel Ironi Karmiel,Hapoel Ironi Karmiel,100.0
Hapoel Jerusalem,Hapoel Jerusalem,100.0
Hapoel Kfar Saba,Hapoel Kfar Saba,100.0
Hapoel Kfar Shelem,Hapoel Kfar Shalem,100.0
Hapoel Kiryat Shmona,Hapoel Ironi Kiryat Shmona FC,100.0
Hapoel Nof HaGalil,Hapoel Nof HaGalil,100.0
Hapoel Petach Tikva,Hapoel Petah Tikva,100.0
Hapoel Raanana,Hapoel Raanana,100.0
Hapoel Ramat Gan,Hapoel Ramat Gan,100.0
Hapoel Rishon Lezion,Hapoel Rishon Letzion,100.0
Hapoel Tel Aviv,Hapoel Tel Aviv FC,100.0
Hapoel Umm Al Fahm,Hapoel Um Al Fahm,100.0
Haras El Hodood,Haras El Hodood,100.0
Harborough Town,,
Harbour View FC,Harbour View FC,100.0
Harrogate Town,Harrogate Town,100.0
Harrow Borough FC,,
Hart FC,Hart FC,100.0
Hartberg,TSV Hartberg,100.0
Hartlepool,Hartlepool United,100.0
Hatayspor,Hatayspor,100.0
Hatta,,
Haverfordwest County,,
Hawassa Kima FC,,
Hearts,,
Hearts B,,
Heerenveen,SC Heerenveen,100.0
Hellas Verona U20,,
Helmond Sport,Helmond Sport,100.0
Hemel Hempstead,Hemel Hempstead Town,100.0
Heracles,Heracles Almelo,100.0
Hercules,USV Hercules,100.0
Hercules CF II,,
Hereford FC,Hereford United,100.0
Hermannstadt,AFC Hermannstadt,100.0
Hertha Berlin,Hertha BSC Berlin,100.0
Hibernian,Hibernian FC,100.0
Hibernian U19,Hibernian FC U19,100.0
Hiroshima Regina (W),,
Hoang Anh Gia Lai,,
Hoffenheim,TSG 1899 Hoffenheim,100.0
Hoffenheim (W),TSG 1899 Hoffenheim (W),100.0
Hoffenheim II,TSG 1899 Hoffenheim II,100.0
Hoi King SA,,
Holstein Kiel,Holstein Kiel,100.0
Hong Kong FC,,
Hong Kong Rangers FC,Hong Kong Rangers FC,100.0
Hoogeveen,,
Hornchurch,Hornchurch FC,100.0
Horsham FC,Horsham,100.0
Hradec Kralove,FC Hradec Kralove,100.0
Huachipato,Huachipato,100.0
Huddersfield,Huddersfield Town,100.0
Huddersfield Town U21,,
Huesca,SD Huesca,100.0
Hull,Hull City,100.0
Hull City U21,,
Hungerford,,
Ibiza Eivissa,,
Ikorodu City,Ikorodu City,100.0
Imigresen FC,,
Imisli FK,Imisli FK,100.0
Ind Medellin,Independiente Medellin,100.0
Independente EC U20,,
Inegolspor,Inegölspor,100.0
Ingolstadt,FC Ingolstadt 04,100.0
Inkilapspor,Inkilap FSK,100.0
Inter,Inter Milan,100.0
Inter Club Escaldes,Atletic Club Escaldes,100.0
Inter Milan (Res),,
Inter Milan U20,Inter Milan U20,100.0
Internacional,,
International Pacific U,International Pacific University,100.0
Inverness CT,Inverness CT,100.0
Ipswich,Ipswich Town,100.0
Ipswich Town U21,,
Iraq U23,Iraq U23,100.0
Ironi Modiin,Ironi Modiin,100.0
Ironi Tiberias,Ironi Tiberias,100.0
Iskenderunspor,,
Ismaily,Ismaily SC,100.0
Isparta 32 Spor,Isparta 32 Spor,100.0
Istanbulspor,Istanbulspor AS,100.0
Istres,FC Istres,100.0
Ituano FC U20,,
Ivory Coast,Ivory Coast,100.0
JS Saoura,JS Saoura,100.0
Jaalan,Jaalan,100.0
Jagiellonia Bialystock,Jagiellonia Bialystok,100.0
Jahn Regensburg,SSV Jahn Regensburg,100.0
Japan,Japan,100.0
Japan U23,,
Jeddah Club,Jeddah Club,100.0
Jef Utd Chiba,JEF United Chiba,100.0
Jerash,Jerash,100.0
Jerash SC,,
Johor Darul Takzim,Johor Darul Takzim,100.0
Jong AZ Alkmaar,AZ Alkmaar,100.0
Jong Ajax Amsterdam,,
Jong FC Utrecht,FC Utrecht,100.0
Jong PSV Eindhoven,PSV Eindhoven,100.0
Jordan,Jordan,100.0
Jorge Wilstermann,Jorge Wilstermann,100.0
Junior FC Barranquilla,,
Juve Stabia,Juve Stabia,100.0
Juventude U20,,
Juventus,Juventus FC,100.0
Juventus B,,
Juventus FC (W),Juventus FC (W),100.0
Juventus U19,Juventus U19,100.0
Juventus U20,Juventus FC U20,100.0
Jwaya SC,Jwaaya FC,100.0
KAA Gent II,,
KCB,KCB,100.0
KF Drita,KF Drita,100.0
KF Ferizaj,KF Ferizaj,100.0
KFC Komarno,KFC Komarno,100.0
KFCO Beerschot Wilrijk,K Beerschot VA,100.0
KS Burreli,,
KSV 1919,,
KaPa,,
Kabylie,,
Kaedi FC,,
Kahraba Ismailia,,
Kahramanmaras Istiklal Spor,Kahramanmarasspor Istiklal,100.0
Kahramanmarasspor,Kahramanmarasspor,100.0
Kairat Almaty,FC Kairat,100.0
Kaiserslautern,1. FC Kaiserslautern,100.0
Kakamega Homeboyz,Kakamega Homeboyz,100.0
Kalba U23,,
Kampala City Council,,
Kanchanaburi,Dragon Pathumwan Kanchanaburi,100.0
Kapaz Ganja,FK Kapaz,100.0
Karabuk Idmanyurdu,,
Karacabey Belediyespor AS,Karacabey Belediyespor,100.0
Karadeniz Eregli Belediye,Karadeniz Eregli,100.0
Karakopru Belediyespor,,
Karaman Belediyespor,Karaman Belediyespor,100.0
Karlsruhe,Karlsruher SC,100.0
Karsiyaka,Karsiyaka,100.0
Karvan Evlakh,FK Karvan,100.0
Kasimpasa,Kasimpasa SK,100.0
Kastamonuspor,Kastamonuspor,100.0
Katsina United,Katsina United FC,100.0
Katwijk,Katwijk,100.0
Kaya,Kaya FC,100.0
Kayserispor,Kayserispor,100.0
Kazincbarcika,Kazincbarcikai SC,100.0
Kazma SC,,
Keciorengucu,Keciorengucu,100.0
Kelantan Red Warrior FC,,
Kelty Hearts,Kelty Hearts,100.0
Kepez Belediyespor,Kepez Belediyespor,100.0
Kettering Town FC,Kettering Town,100.0
Kfarsoum,Kufrsoum SC,100.0
Kibera Black Stars,Kibera Black Stars,100.0
Kidderminster,Kidderminster Harriers,100.0
Kilis Bld.Spor,,
Kilmarnock,Kilmarnock FC,100.0
Kings Lynn,Kings Lynn Town,100.0
Kingstonian,,
Kirikkale Buyuk Anadolusp,Kirikkale Buyuk Anadolu,100.0
Kirklarelispor,,
Kirsehir Belediyespor,,
Kisvarda,Kisvarda FC,100.0
Kitchee SC,Kitchee SC,100.0
Kitchee U22,,
Kocaelispor,Kocaelispor,100.0
Konyaspor,Konyaspor,100.0
Korabi Peshkopi,,
Kortrijk,KV Kortrijk,100.0
Kowloon City FC,Kowloon City,100.0
KuPS,Kuopion Palloseura,100.0
Kuala Lumpur,,
Kuching FA,,
Kucukcekmece Sinop Spor,Kucukcekmece Sinopspor,100.0
Kun Khalifat FC,Kun Khalifat FC,100.0
Kuwait SC,,
Kyoto Sangyo University,Kyoto Sangyo University,100.0
LD Alajuelense,,
LDU,,
LKP Motor Lublin,Motor Lublin,100.0
LR Vicenza Virtus,LR Vicenza,100.0
La Horquetta Rangers FC,La Horquetta Rangers,100.0
Lamphun Warrior,Lamphun Warrior,100.0
Larne,Larne FC,100.0
Las Palmas,UD Las Palmas,100.0
Lask Linz,Linzer ASK,100.0
Lausanne,FC Lausanne-Sport,100.0
Laval,Stade Lavallois MFC,100.0
Lazio,SS Lazio,100.0
Lazio U20,,
Ld Alajuelense,Liga Deportiva Alajuelense,100.0
Le Havre,Le Havre AC,100.0
Le Mans,Le Mans UC 72,100.0
Le Puy,Le Puy,100.0
Leamington,Leamington,100.0
Leatherhead FC,,
Lebanon U23,,
Lecce,US Lecce,100.0
Lecce U20,US Lecce U20,100.0
Lecco,Lecco,100.0
Lech Poznan,Lech Poznan,100.0
Lee Man Warriors,Lee Man Warriors FC,100.0
Leeds,Leeds United,100.0
Leek Town FC,Leek Town,100.0
Leganes,CD Leganes,100.0
Legia Warsaw,Legia Warszawa,100.0
Leicester,Leicester,100.0
Leicester City (W),Leicester City (W),100.0
Leicester U21,,
Leiria,Uniao Leiria,100.0
Leixoes,Leixoes SC,100.0
Leixoes U23,,
Lens,RC Lens,100.0
Leon,,
Leonesa,Cultural Leonesa,100.0
Levante,Levante UD,100.0
Leverkusen,Bayer 04 Leverkusen,100.0
Leverkusen U19,Bayer 04 Leverkusen U19,100.0
Leyton Orient,Leyton Orient,100.0
Leyton Orient U21,,
Lierse,Lierse Kempenzonen,100.0
Lille,Lille OSC,100.0
Lincoln,Lincoln City,100.0
Lincoln Red Imps,Lincoln Red Imps FC,100.0
Lincoln United FC,Lincoln United,90.3
Linfield,Linfield FC,100.0
Linfield (Res),,
Lion City Sailors FC,Lion City Sailors,100.0
Lion City Sailors II,,
Liverpool,Liverpool FC,100.0
Liverpool (W),Liverpool FC (W),100.0
Livingston,Livingston FC,100.0
Livorno,,
Lokomotiv Plovdiv,PFC Lokomotiv Plovdiv,100.0
Lokomotiv Sofia,FC Lokomotiv 1929 Sofia,100.0
Lokomotiva,NK Lokomotiva Zagreb,100.0
Lommel,,
London City Lionesses,,
Lopburi City FC,,
Lorient,FC Lorient,100.0
Luanda Villa FC,Luanda Villa,100.0
Lucky Mile,,
Ludogorets,PFC Ludogorets Razgrad,100.0
Lugano,FC Lugano,100.0
Lugazi FC,,
Lugo,CD Lugo,100.0
Lumezzane,FC Lumezzane,100.0
Lusail,Lusail City,100.0
Lusitania Futebol Clube,Lusitania de Lourosa FC,100.0
Luton,Luton Town,100.0
Luverdense U20,,
Luzern,FC Luzern,100.0
Lyon,Olympique Lyonnais,100.0
Lyon (W),Olympique Lyonnais (W),100.0
Lyon Duchere,,
MB Rouissat,,
MC Alger,MC Alger,100.0
MC El Bayadh,,
MC Oran,ASM Oran,100.0
MFK Karvina,MFK Karvina,100.0
MFK Skalica,MFK Skalica,100.0
MK Dons,MK Dons,100.0
MK Kfar Saba 1928,,
MOFA FC,Amora FC,80.0
MOIK Baku,Moik Baku,100.0
MS Bnie Jaffa Ortodoxim,MS Bnei Jaffa Ortodoxim,100.0
MS Kfar Kasem,,
MS Tamea,,
MSK Zilina U19,MSK Zilina U19,100.0
MTK Budapest,MTK Budapest FC,100.0
MVV Maastricht,MVV Maastricht,100.0
Ma'an,FC Maan,100.0
Macara,,
Macarthur FC,Macarthur FC,100.0
Maccabi Ahi Nazareth,Maccabi Ahi Nazareth FC,100.0
Maccabi Bnei Raina,Maccabi Bnei Raina,100.0
Maccabi Haifa,Maccabi Haifa,100.0
Maccabi Haifa U19,Maccabi Haifa U19,100.0
Maccabi Herzliya,Maccabi Herzliya,100.0
Maccabi Kabilio Jaffa,Maccabi Kabilio Jaffa,100.0
Maccabi Kiryat Ata-Bialik,Maccabi Kiryat Ata Bialik,100.0
Maccabi Netanya,Maccabi Netanya,100.0
Maccabi Tel Aviv,Maccabi Tel Aviv,100.0
Macclesfield,Macclesfield FC,100.0
Madura Utd,,
Mahasarakham Sam Bai Tao FC,Mahasarakham Sam Bai Tao FC,100.0
Maidenhead,Maidenhead United,100.0
Maidstone Utd,Maidstone United,100.0
Mainz,FSV Mainz 05,100.0
Majd FC,,
Malacateco,Deportivo Malacateco,100.0
Malaga,Malaga CF,100.0
Mali,Mali,100.0
Malisheva,Malisheva,100.0
Malkiya,,
Mallorca,RCD Mallorca,100.0
Malmo FF,Malmo FF,100.0
Malut United,Malut United,100.0
Man City,Manchester City,100.0
Man City (W),Manchester City (W),100.0
Man City U19,Manchester City U19,100.0
Man Utd,Manchester United,100.0
Man Utd (W),Manchester United (W),100.0
Man Utd U21,,
Manisa FK,Manisa FK,100.0
Mansfield,Mansfield Town,100.0
Mantova,Mantova FC,100.0
Mara Sugar FC,Mara Sugar,100.0
Marbella,Marbella FC,100.0
Marcq en Baroeul,,
Marica RJ U20,,
Marine FC,Marine FC,100.0
Maritimo,Deportivo Maritimo,100.0
Maritimo U23,,
Maroons FC,Maroons FC,100.0
Marsaxlokk FC,Marsaxlokk FC,100.0
Marseille,Olympique Marseille,100.0
Masfut,,
Mathare United FC,Mathare United,100.0
Matlock Town,Matlock Town,100.0
Mazatlan FC,,
Mazatlan FC(W),,
Mbarara City FC,Mbarara City FC,100.0
Mebrat Hayl,,
Medina United FC,Doma United FC,80.0
Mekelle 70 Enderta,,
Melaka FC,,
Melbourne City,Melbourne City,100.0
Melbourne City (W),Melbourne City (W),100.0
Melbourne Victory,Melbourne Victory,100.0
Melbourne Victory (W),Melbourne Victory (W),100.0
Menemen Belediyespor,Menemenspor,100.0
Mersin Idman Yurdu,Yeni Mersin Idmanyurdu AS,100.0
Merthyr Town,Merthyr Town,100.0
Metalul Buzau,AFC Metalul Buzau,100.0
Metz,FC Metz,100.0
Mexico,Mexico,100.0
Mgladbach,Borussia Monchengladbach,100.0
Middlesbrough,Middlesbrough FC,100.0
Midtjylland,FC Midtjylland,100.0
Migori (Res),,
Millwall,Millwall FC,100.0
Millwall U21,,
Mineros de Zacatecas,,
Ming Chuan University,Ming Chuan University,100.0
Mirandes,CD Mirandes,100.0
Mirassol,,
Mlada Boleslav,FK Mlada Boleslav,100.0
Mladost Lucani,FK Mladost Lucani,100.0
Modena,Modena FC,100.0
Modern Sport FC,,
Mohammedan Dhaka,Mohammedan SC Dhaka,100.0
Molynes United FC,Molynes United,100.0
Mombasa United,Mombasa Elite,100.0
Monaco,AS Monaco,100.0
Monopoli,Monopoli,100.0
Montana,PFC Montana,100.0
Montego Bay United,Montego Bay United,100.0
Monterrey,,
Montpellier,Montpellier HSC,100.0
Montpellier (W),Montpellier (W),100.0
Montrose,Montrose,100.0
Monza U20,AC Monza U20,85.7
Morecambe,Morecambe FC,100.0
Moreirense,Moreirense FC,100.0
Morocco,Morocco,100.0
Morton,Greenock Morton,100.0
Mosta,,
Motherwell,Motherwell FC,100.0
Mount Pleasant FC,Mount Pleasant FC,100.0
Mozambique,Mozambique,100.0
Muangthong Utd,Muang Thong United,100.0
Muglaspor,Muglaspor,100.0
Muhanga,AS Muhanga,100.0
Muranga Seal,Muranga Seal,100.0
Mwatate,,
NAC Breda,NAC Breda,100.0
NEC FC,,
NEC Nijmegen,NEC Nijmegen,100.0
NEOM Sports Club,Neom SC,100.0
NK Celje,NK Celje,100.0
NK Istra,NK Istra 1961,100.0
Nacional FC AM U20,,
Nacional Potosi,CA Nacional Potosi,100.0
Nakhon Pathom,Nakhon Pathom,100.0
Nakhon Ratchasima,Nakhon Ratchasima,100.0
Nam Dinh,Nam Dinh,100.0
Nancy,AS Nancy Lorraine,100.0
Nantes,FC Nantes,100.0
Nantes U19 FC,FC Nantes U19,100.0
Napoli,SSC Napoli,100.0
Napoli Calcio (W),Napoli (W),100.0
Napoli U20,,
National Bank,National Bank,100.0
Naxxar Lions,Naxxar Lions F.C.,100.0
Nazilli Belediyespor,Silifke Belediyespor,80.0
Nchanga Rangers,,
Necaxa,,
Neftchi Baku,Neftchi Baku PFC,100.0
Negele Arsi Ketema,,
Neom SC U21,,
Netherlands,Netherlands,100.0
Neuchatel Xamax,Neuchatel Xamax FC,100.0
Newcastle,Newcastle United,100.0
Newcastle Jets,Newcastle Jets,100.0
Newcastle Jets (W),Newcastle Jets,100.0
Newcastle U21,,
Newcastle United U19,Newcastle United U19,100.0
Newcastle Utd (W),Newcastle United (W),100.0
Newport County,Newport County,100.0
Newton Aycliffe,Newton Aycliffe,100.0
Nice,OGC Nice,100.0
Niger Tornadoes,Niger Tornadoes FC,100.0
Nigeria,Nigeria,100.0
Niigata University H&W FC,Niigata University H&W,100.0
Nizwa,Nizwa,100.0
Nk Posusje,NK Posusje,100.0
Nogoom Masr,,
North District,North District,100.0
Northampton,Northampton Town,100.0
Norwich,Norwich City,100.0
Norwich U21,,
Nottingham Forest U21,,
Nottm Forest,Nottingham Forest,100.0
Nottm Forest (W),Nottingham Forest (W),100.0
Notts Co,Notts County,100.0
Nouadhibou,FC Nouadhibou,87.0
Nouakchott Kings,Nouakchott Academie,100.0
Novara,Novara Calcio 1908,100.0
Nuovo Campobasso,Nuovo Campobasso Calcio,100.0
Nurnberg,FC Nurnberg,100.0
Nyiregyhaza,Nyiregyhaza Spartacus FC,100.0
Nzoia United FC,,
OB,Odense BK,100.0
OFK Beograd,OFK Beograd,100.0
OFK Petrovac,OFK Petrovac,100.0
OLS,,
Oeste U20,,
Olancho,Olancho FC,100.0
Oldham,Oldham,100.0
Olimpico Itabaianinha U20,,
Oliveirense,,
Olympiakos,Olympiakos Nicosia,100.0
Olympic Charleroi,,
Olympic El Qanal,,
Olympique Akbou,,
Oman FC,Oman FC,100.0
Omonia,AC Omonia Nicosia,100.0
Orense Sporting Club,,
Oriente Petrolero,Oriente Petrolero,100.0
Orleans,Orleans US,100.0
Osasuna,CA Osasuna,100.0
Osijek,NK Osijek,100.0
Otelul Galati,FC Otelul Galati,100.0
Oud-Heverlee Leuven,Oud-Heverlee Leuven,100.0
Oud-Heverlee Leuven (W),Oud-Heverlee Leuven (W),100.0
Ourense CF,Ourense CF,100.0
Oviedo,Real Oviedo,100.0
Oxford City,Oxford City,100.0
Oxford Utd,Oxford Utd,100.0
PAOK,PAOK,100.0
PDRM,,
PEC Zwolle,PEC Zwolle,100.0
PFK Turan Tovuz,Pfk Turan Tovuz,100.0
PS Hizbul Wathan,,
PSBS Biak Numfor,,
PSDS Deli Serdang,,
PSG U21,,
PSID Jombang,,
PSM Makassar,,
PSMP Mojokerto,,
PSV,PSV Eindhoven,100.0
PSV Eindhoven U21,PSV Eindhoven U21,100.0
PWD Sports Club,,
Pachuca,,
Pachuca (W),,
Pacos Ferreira,FC Pacos Ferreira,100.0
Paderborn,SC Paderborn 07,100.0
Padova,Calcio Padova,100.0
Pafos FC,Pafos FC,100.0
Pafos U19,Pafos FC U19,100.0
Paks,,
Palermo,US Palermo,100.0
Panama,Panama,100.0
Panathinaikos,Panathinaikos,100.0
Paola Hibernians FC,Hibernians FC Paola,100.0
Paradou,Paradou AC,100.0
Paraguay,Paraguay,100.0
Pardubice,FK Pardubice,100.0
Paris 13 Atletico,Paris 13 Atletico,100.0
Paris FC,Paris FC,100.0
Paris FC (W),Paris FC (W),100.0
Paris St-G,Paris Saint-Germain,100.0
Paris St-G (W),Paris Saint-Germain (W),100.0
Paris St-G U19,Paris Saint-Germain U19,100.0
Parma,Parma Calcio 1913,100.0
Parma U20,,
Partick,Partick Thistle,100.0
Partizan Belgrade,FK Partizan Belgrade,100.0
Patro Eisden Maasmechelen,Patro Eisden Maasmechelen,100.0
Pau,Pau FC,100.0
Paulinia FC U20,,
Pazarspor,Pazarspor,100.0
Penafiel,,
Pendikspor,Pendikspor,100.0
Penya Encarnada,Penya Encarnada,100.0
Penybont FC,Penybont,100.0
Peralada,CF Peralada,100.0
Pergolettese,US Pergolettese 1932,100.0
Perigny,,
Persebata Lembata,,
Persebaya Surabaya,,
Perseden Denpasar,,
Persedikab Kediri,,
Persema Malang,,
Persenga Nganjuk,,
Persepon Ponorogo,,
Perserang Serang,,
Perseta Tulungagung,,
Persib Bandung,Persib Bandung,100.0
Persibo Bojonegoro,,
Persida Sidoarjo,,
Persija Jakarta,Persija Jakarta,100.0
Persijap Jepara,,
Persik Kediri,,
Persikota Tangerang,,
Persikutim United,,
Persinga Ngawi,,
Persipa Pati,,
Persiraja Banda Aceh,,
Persis Solo,,
Persita Tangerang,,
Perth Glory,Perth Glory,100.0
Perth Glory (W),Perth Glory (W),100.0
Peru,,
Perugia,Perugia,100.0
Pesaro,Vis Pesaro,100.0
Pescara,Pescara Calcio,100.0
Peterborough,Peterborough,100.0
Peterborough Sports FC,Peterborough Sports,100.0
Peterhead,Peterhead,100.0
Petrojet,Petrojet FC,100.0
Pharco FC,,
Phrae United,Phrae United,100.0
Piast Gliwice,Piast Gliwice,100.0
Pisa,AC Pisa 1909,100.0
Plateau United,Plateau United,100.0
Platense FC,,
Plymouth,Plymouth Argyle,100.0
Plymouth Parkway,,
Plzen,FC Viktoria Plzen,100.0
Podbrezova,FK Zeleziarne Podbrezova,100.0
Pohang Steelers,Pohang Steelers,100.0
Point Fortin FC,Point Fortin FC,100.0
Poli Iasi,Politehnica Iasi,100.0
Police FC,Police FC,100.0
Police Tero,Police Tero,100.0
Ponferradina,SD Ponferradina,100.0
Pontedera,,
Pontivy,Pontivy GSI,100.0
Port FC,Port FC,100.0
Port Vale,Port Vale,100.0
Portadown,Portadown FC,100.0
Portadown (Res),,
Portimonense,Portimonense SC,100.0
Portimonense SC U23,Portimonense SC U23,100.0
Portmore Utd,Portmore United,100.0
Porto,FC Porto,100.0
Porto B,,
Porto U19,FC Porto U19,100.0
Portsmouth,Portsmouth FC,100.0
Portsmouth (W),Portsmouth (W),100.0
Posta Rangers,Posta Rangers,100.0
Potenza,Rossoblu Potenza,100.0
Potiguar,,
Prachuap,Prachuap FC,100.0
Preston,Preston,100.0
Preston North End U21,,
Preussen Munster,SC Preussen Münster,100.0
Prisons FC,Prison Service FC,100.0
Pro Vercelli,Pro Vercelli,100.0
Psbi Blitar,,
Psgc Ciamis,,
Psim Yogyakarta,,
Puebla,,
Pulau Pinang,,
Pumas UNAM,,
Pusamania Borneo FC,,
Puskas Akademia,Puskas Akademia,100.0
Puskas Akademia FC U19,Puskas Akademia FC U19,100.0
Pyramids,Pyramids FC,100.0
QPR,Queens Park Rangers,100.0
Qarabag FK,Qarabağ FK,100.0
Qatar,Qatar,100.0
Qatar SC,,
Qatar U23,Qatar U23,100.0
Queen of South,Queen of the South,100.0
Queens Park,Queens Park,100.0
Queens Park Rangers U21,,
Queens University,,
Queretaro,,
Quevilly Rouen,US Quevilly-Rouen,100.0
RAAL La Louviere,Raal La Louviere,100.0
RANS Nusantara FC,,
RB Leipzig,RB Leipzig,100.0
RB Leipzig (W),RB Leipzig (W),100.0
RB Leipzig U21,,
RKC Waalwijk,RKC Waalwijk,100.0
RZ Pellets WAC,,
Racing Beirut,Racing Beirut,100.0
Racing Club,Racing Club (W),100.0
Racing Genk B,Genk II,100.0
Racing Santander,Racing Santander,100.0
Racing United FC,Racing United FC,100.0
Radcliffe Borough,Radcliffe FC,100.0
Radnicki Nis,FK Radnicki Nis,100.0
Radnik Bijeljina,Radnik Bijeljina,100.0
Radnik Surdulica,FK Radnik Surdulica,100.0
Rahmatganj MFS,Rahmatgonj MFS,100.0
Railways FC,,
Raith,Raith Rovers,100.0
Rakhine Utd,,
Rakow Czestochowa,Rakow Czestochowa,100.0
Randers,Randers FC,100.0
Rangers,Rangers FC,100.0
Raon l'Etape,,
Rapid Bucharest,Rapid Bucuresti,100.0
Rapid Vienna,Rapid Vienna,100.0
Rapperswil-Jona,FC Rapperswil-Jona,100.0
Rasi Salai United FC,Rasisalai United,100.0
Ratchaburi,Ratchaburi FC,100.0
Ravenna,Ravenna Calcio,100.0
Rayo Vallecano,Rayo Vallecano,100.0
Rayon Sports FC,Rayon Sports,100.0
Rayong FC,Rayong,100.0
Reading,Reading FC,100.0
Reading U21,Reading U21,100.0
Real Aviles,Real Aviles CF,100.0
Real De Banjul,,
Real Espana,Real Espana,100.0
Real Madrid,Real Madrid,100.0
Real Madrid Castilla,Real Madrid Castilla,100.0
Real Madrid FC (W),Real Madrid (W),100.0
Real Madrid U19,Real Madrid U19,100.0
Real Murcia,,
Real Sociedad,Real Sociedad,100.0
Real Sociedad U21,Real Sociedad U21,100.0
Real Tomayapo,Real Tomayapo,100.0
Red Bull Salzburg,FC Red Bull Salzburg,100.0
Red Star,Red Star Paris,100.0
Redditch United,Redditch United,100.0
Referencia FC U20,,
Reggiana,AC Reggiana 1919,100.0
Reims,Stade Reims,100.0
Remo,,
Remo Stars,Remo Stars,100.0
Renate,AC Renate,100.0
Rennes,Stade Rennais FC,100.0
Resources Capital FC,,
Retro U20,,
Rijeka,HNK Rijeka,100.0
Rio Ave,Rio Ave FC,100.0
Rio Ave FC U23,,
Rio Branco ES Youth,,
Rivers United FC,Rivers United FC,100.0
Rizespor,Caykur Rizespor,100.0
Rochdale,Rochdale AFC,100.0
Roda JC,Roda JC Kerkrade,100.0
Rodez,Rodez AF,100.0
Roma,AS Roma,100.0
Roma U20,,
Ross Co,Ross County FC,100.0
Rot-Weiss Essen,Rot Weiss Essen,100.0
Rotherham,Rotherham,100.0
Rouen,FC Rouen,100.0
Royal Thai Air Force Acade,,
Rudar Pljevlja,FK Rudar Pljevlja,100.0
Rudar Prijedor,FK Rudar Prijedor,100.0
Runcorn Linnets FC,,
Rutsiro FC,Rutsiro FC,100.0
Ruzomberok,MFk Ruzomberok,100.0
S.L. Benfica (W),SL Benfica (W),100.0
S.S.D. Casarano Calcio,SSD Casarano Calcio,100.0
SA Merignac,,
SC Dimona,SC Dimona,100.0
SC Internacional PA U20 (W),,
SC Kiryat Yam,Kiryat Yam SC,100.0
SC Kiyovu,,
SC Lokeren-Temse,KSC Lokeren-Temse,100.0
SC Telstar,SC Telstar,100.0
SC Uniao Torreense U23,SCU Torreense U23,100.0
SC Villa,SC Villa,100.0
SCR Altach,SCR Altach,100.0
SE Palmeiras,,
SG Essen-Schonebeck (W),SG Essen-Schonebeck (W),100.0
SKN St. Polten (W),,
SKU Amstetten,SKU Amstetten,100.0
SS Virtus Verona 1921,Virtus Verona,100.0
SSD Bari,AS Bari,100.0
SSD Dolomiti Bellunesi,AC Dolomiti Bellunesi,100.0
SSV Ulm,,
SV Britannia,SV Britannia,100.0
SV Bubali,Bubali SC,100.0
SV Darmstadt,SV Darmstadt 98,100.0
SV La Fama,La Fama,100.0
SV Ried,SV Ried,100.0
SV River Plate,SV River Plate Aruba,100.0
SV Sporting Aruba,SV Sporting Aruba,100.0
Saarbrucken,1. FC Saarbrucken,100.0
Sabadell,Sabadell,100.0
Sabail,Sabail FC,100.0
Saham,Saham,100.0
Saint George FC,Saint George FC,100.0
Sakaryaspor,Sakaryaspor,100.0
Salalah SC,Salalah SC,100.0
Salcedo FC,Salcedo FC,100.0
Salernitana,US Salernitana 1919,100.0
Salernitana U19,US Salernitana 1919 U19,100.0
Salford City,Salford City,100.0
Salisbury City,Salisbury FC,100.0
Sambenedettese,Sambenedettese,100.0
Samma,Sama,100.0
Sampdoria,UC Sampdoria,100.0
Samsunspor,Samsunspor,100.0
Samut Songkhram City,,
San Antonio Bulo Bulo,San Antonio Bulo Bulo,100.0
San Juan FC,,
San Juan Jabloteh,San Juan Jabloteh,100.0
Sang Maestro,,
Sanliurfaspor,,
Santa Clara,CD Santa Clara,100.0
Santa Clara U23,CD Santa Clara U23,100.0
Santa Cruz FC U20,Santa Cruz PE U20,88.2
Santos Laguna,,
Santos U20 (W),Santos SP (W) U20,100.0
Sao Paulo,,
Sao Paulo U20,,
Sarajevo,FK Sarajevo,100.0
Sariyer G.K.,AS Sariyer,100.0
Sassari Torres,,
Sassuolo,US Sassuolo Calcio,100.0
Sassuolo U20,,
Saudi Arabia,Saudi Arabia,100.0
Scarborough Athletic,Scarborough Athletic,100.0
Schalke 04,FC Schalke 04,100.0
Schweinfurt,FC Schweinfurt 05,100.0
Scotland,Scotland,100.0
Scunthorpe,Scunthorpe,100.0
Sderot FC,,
Selangor FA,Selangor FC,100.0
Semen Padang,,
Senegal,Senegal,100.0
Septemvri,PFC Septemvri Sofia,100.0
Seraing Utd,,
Serik Belediyespor,Serik Belediyespor,100.0
Servette,Servette FC,100.0
Sevilla,Sevilla FC,100.0
Sevilla B,,
Shabab Al Ahli Dubai U19,Shabab Al Ahli Dubai U19,100.0
Shabab Al Ahli U23,,
Shabab Al Ordon,Shabab Al-Ordon,100.0
Shabana,Shabana,100.0
Shafa Baku FC,,
Shakhtar,FC Shakhtar Donetsk,100.0
Sham Shui Po,,
Shamakhi FK,Shamakhi,100.0
Shamrock Rovers,Shamrock Rovers FC,100.0
Shatin SA,,
Sheff Utd,Sheffield United,100.0
Sheff Utd U21,Sheffield United U21,100.0
Sheff Wed,Sheffield Wednesday,100.0
Sheff Wed U21,,
Shelbourne,Shelbourne Dublin,100.0
Shkendija,KF Shkendija Tetovo ,100.0
Shrewsbury,Shrewsbury,100.0
Siena,,
Sighetu Marmatiei,,
Sigma Olomouc,SK Sigma Olomouc,100.0
Sila SC,Sila SC,100.0
Silifke Belediye Spor,,
Silivrispor,Silivrispor,100.0
Silkeborg,Silkeborg IF,100.0
Silsden AFC,Silsden AFC,100.0
Simal FK,Simal,100.0
Singapore (W),Singapore (W),100.0
Sint Truiden,Sint-Truidense VV,100.0
Sion,FC Sion,100.0
Siracusa,,
Sirens FC,Sirens FC,100.0
Siroki Brijeg,NK Siroki Brijeg,100.0
Sisaket United,Sisaket United,100.0
Sitra,,
Sivasspor,Sivasspor,100.0
Slaven Belupo,NK Slaven Belupo,100.0
Slavia Prague,SK Slavia Praha,100.0
Slavia Sofia,PFC Slavia Sofia,100.0
Sliema Wanderers FC,Sliema Wanderers,100.0
Sloga Doboj,FK Sloga Doboj,100.0
Slough Town,Slough Town,100.0
Slovacko,1. FC Slovacko,100.0
Slovan Bratislava,SK Slovan Bratislava,100.0
Slovan Liberec,FC Slovan Liberec,100.0
Smouha,Smouha SC,100.0
Sochaux,FC Sochaux,100.0
Sociedad B,,
Sofapaka,Sofapaka FC,100.0
Sohar,Sohar,100.0
Soke 1970 Spor Kulubu,,
Solihull Moors,Solihull Moors,100.0
Somaspor Spor Kulubu,,
Sonacos,Sonacos,100.0
SonderjyskE,Sonderjyske,100.0
Songkla FC,Songkhla United FC,100.0
Sorrento,Sorrento,100.0
South Africa,South Africa,100.0
South China,,
South Shields,South Shields,100.0
Southampton,Southampton FC,100.0
Southampton U21,,
Southend,Southend,100.0
Southern District,Southern District,100.0
Southport,Southport FC,100.0
Spain,Spain,100.0
Spakenburg,Spakenburg,100.0
Spanish Town Police,Spanish Town Police,100.0
Sparta Prague,AC Sparta Praha,100.0
Sparta Prague B,AC Sparta Praha II,100.0
Sparta Rotterdam,Sparta Rotterdam,100.0
Spartak Trnava,FC Spartak Trnava,100.0
Spartak Varna,Spartak Varna,100.0
Spartans,Spartans FC,100.0
Spennymoor Town,Spennymoor Town,100.0
Spezia,Spezia Calcio,100.0
Sporting Braga U23,,
Sporting CP U21,,
Sporting Cristal,Sporting Cristal,100.0
Sporting Gijon,Sporting Gijon,100.0
Sporting Lisbon,Sporting CP,100.0
Sporting Lisbon B,,
Sporting Lisbon U23,,
Sportlust 46,,
St Etienne,AS Saint Etienne,100.0
St Gallen,FC St. Gallen,100.0
St Johnstone,St Johnstone FC,100.0
St Mirren,St Mirren FC,100.0
St Pauli,FC St. Pauli,100.0
St Polten,SKN St. Polten,100.0
St. Patrick F.C.,,
Stade Briochin,Stade Briochin,100.0
Stade Lausanne-Ouchy,FC Stade LS Ouchy,100.0
Stade Nyonnais,FC Stade Nyonnais,100.0
Stamford,,
Standard,Standard Liège,100.0
Stenhousemuir,Stenhousemuir,100.0
Stevenage,Stevenage Borough,100.0
Stirling,Stirling Albion,100.0
Stjarnan,Stjarnan,100.0
Stockport,Stockport County,100.0
Stockport County U21,,
Stoke,Stoke City,100.0
Stoke U21,,
Stranraer,Stranraer,100.0
Strasbourg,RC Strasbourg,100.0
Sturm Graz,SK Sturm Graz,100.0
Stuttgart,VfB Stuttgart,100.0
Stuttgart II,VfB Stuttgart II,100.0
Sudan,Sudan,100.0
Sudtirol,FC Sudtirol,100.0
Suhul Shire,,
Sukhothai,Sukhothai,100.0
Sumset United,,
Sunderland,Sunderland,100.0
Sur Club,,
Sutton Utd,Sutton United,100.0
Suvermez Kapadokya Spor,Suvermez Kapadokya Spor,100.0
Swansea,Swansea City,100.0
Swansea U21,Swansea City U21,100.0
Swedru All Blacks FC,Swedru All Blacks,100.0
Swieqi United FC,Swieqi United FC,100.0
Swindon,Swindon,100.0
Switzerland,Switzerland,100.0
Sydney FC,Sydney FC,100.0
Sydney FC (W),Sydney FC (W),100.0
Syria U23,,
TPS,TPS,100.0
TSV Havelse,TSV Havelse,100.0
Tabora United FC,Tabora United,89.7
Tadamon Sour,,
Taichung Futuro FC,Taichung Futuro,100.0
Taichung Rock FC,Taichung Rock FC,100.0
Taipower,,
Taiwan Steel,,
Talavera CF,,
Tampines Rovers,Tampines Rovers FC,100.0
Tampines Rovers II,,
Tamworth FC,Tamworth FC,100.0
Tanjong Pagar United II,,
Tanzania,Tanzania,100.0
Tarxien Rainbows FC,Tarxien Rainbows,100.0
Tatran Presov,1. FC Tatran Presov,100.0
Tatung FC,,
Team Altamura,ASD Team Altamura,100.0
Team FC,Team FC,100.0
Team Rhino FC,,
Techiman Eleven Wonders,Eleven Wonders FC,100.0
Tegevajaro Miyazaki,Tegevajaro Miyazaki,100.0
Tekstilac Odzaci,FK Tekstilac Odzaci,100.0
Tel Bani Swaif,,
Telecom Egypt SC,Telecom Egypt,100.0
Tenerife,CD Tenerife,100.0
Teplice,FK Teplice,100.0
Terengganu,,
Terminix Rangers,,
Ternana,Ternana Calcio,100.0
Ternana (W),Ternana (W),100.0
Teungueth FC,Teungueth,85.7
Thailand (W),Thailand (W),100.0
Thailand U23,,
The New Saints,,
The Strongest,The Strongest,100.0
Thitsar Arman FC,,
Thun,FC Thun,100.0
Tigres,CF Tigres UANL,100.0
Tijuana,,
Tiverton Town,,
Tivoli Gardens,Tivoli Gardens,100.0
Tlaxcala F.C,,
Tobago FC Phoenix,,
Tokushima,Tokushima Vortis,100.0
Tolima,Deportes Tolima,100.0
Toluca,Deportivo Toluca FC,100.0
Tonbridge Angels,Tonbridge Angels,100.0
Tondela,CD Tondela,100.0
Torino,Torino FC,100.0
Torino U20,,
Torquay,,
Torreense,SC Uniao Torreense,100.0
Torrent CF,,
Tottenham,Tottenham Hotspur,100.0
Tottenham (W),Tottenham Hotspur (W),100.0
Toulouse,Toulouse FC,100.0
Trabzonspor,Trabzonspor,100.0
Tractor Sazi FC,,
Tranent Juniors,Tranent Juniors,100.0
Tranmere,Tranmere,100.0
Trapani,Trapani Calcio,100.0
Treasure Beach FC,,
Trencin,AS Trencin,100.0
Triestina,Triestina Calcio,100.0
Trindade AC U20,,
Truro City,Truro City FC,100.0
Tuna Luso U20,Tuna Luso PA U20,89.7
Tung Sing,,
Tunisia,Tunisia,100.0
Turk Metal 1963,Turk Metal Kirikkale,100.0
Twente (W),FC Twente Enschede (W),100.0
UAE,United Arab Emirates,100.0
UD Poblense,UD Poblense,100.0
UE Santa Coloma,UE Santa Coloma,100.0
UM das Cruzes U20,,
UNIVERSIDAD O&M,Universidad O&M,100.0
UPDF FC,UPDF FC,100.0
US Cremonese,US Cremonese,100.0
US Goree,US Goree,100.0
US Latina Calcio,US Latina Calcio,100.0
US Ouakam,US Ouakam,100.0
US Pianese,US Pianese,100.0
USA,USA,100.0
USM Alger,Usm Alger,100.0
USM Khenchela,USM Khenchela,100.0
UTA Arad,UTA Arad,100.0
Udinese,Udinese Calcio,100.0
Udon Banjan United,,
Uganda,Uganda,100.0
Uganda Police,Uganda Police,100.0
Uganda Revenue Authority,Uganda Revenue Authority,100.0
Ujpest,Ujpest FC,100.0
Ulinzi Stars,Ulinzi Stars,100.0
Umm Salal,Umm Salal,100.0
Umm-Salal U23,,
Umraniyespor,Ümraniyespor,100.0
Union Berlin,FC Union Berlin,100.0
Union Brescia,Union Brescia,100.0
Union St Gilloise,Union Saint-Gilloise,100.0
Unirea Slobozia,FC Unirea 2004 Slobozia,100.0
United Arab Emirates U23,United Arab Emirates U23,100.0
United FC,Soy United FC,81.8
Univ Catolica (Chile),,
Univ Catolica (Ecu),Universidad Catolica Ecuador,100.0
Universitario de Vinto,Universitario de Vinto,100.0
Universitatea Cluj,Universitatea Cluj,100.0
Universitatea Craiova,Universitatea Craiova,100.0
União de Leiria U23,Uniao Leiria U23,100.0
Uruguay,Uruguay,100.0
Uthai Thani,Uthai Thani,100.0
Uzbekistan,Uzbekistan,100.0
Uzbekistan U23,,
VVV Venlo,VVV Venlo,100.0
Valencia,Valencia CF,100.0
Valenciennes,Valenciennes FC,100.0
Valerenga (W),Vålerenga IF (W),100.0
Valladolid,Real Valladolid,100.0
Valletta,Valletta FC,100.0
Van Buyuksehir Belediyespor,Belediye Vanspor,100.0
Varazdin,NK Varazdin,100.0
Vasco Da Gama,Vasco da Gama RJ,100.0
Vasco da Gama,Vasco da Gama RJ,100.0
Vasco da Gama U20,Vasco da Gama RJ U20,91.9
Vega Real,Atletico Vega Real,100.0
Vejle,Vejle Boldklub,100.0
Vendee Les Herbiers,,
Venezia,Venezia FC,100.0
Verl,SC Verl,100.0
Verona,Hellas Verona,100.0
Versailles 78 FC,Versailles 78,100.0
VfL Osnabruck,,
Viborg,Viborg FF,100.0
Viktoria Koln,FC Viktoria Köln,100.0
Villarreal,Villarreal CF,100.0
Villarreal B,Villarreal CF II,100.0
Villarreal CF III,,
Villefranche Beaujolais,,
Vipers SC,Vipers,100.0
Vitesse Arnhem,Vitesse Arnhem,100.0
Vitoria BA U20,Vitoria BA U20,100.0
Vizela,FC Vizela,100.0
Vizela U23,,
Vojvodina,FK Vojvodina Novi Sad,100.0
Vozdovac,FK Vozdovac,100.0
Vukovar,Vukovar 91,100.0
WSE,,
WSG Wattens,,
Waanal Brothers FC,,
Waasland-Beveren,KV RS Waasland Beveren,100.0
Wadi Degla,Wadi Degla SC,100.0
Waldhof Mannheim,SV Waldhof Mannheim,100.0
Walsall,Walsall FC,100.0
Walton & Hersham,Walton & Hersham,100.0
Waterhouse FC,Waterhouse,100.0
Watford,Watford FC,100.0
Watford U21,Watford FC U21,100.0
Wealdstone,Wealdstone FC,100.0
Wehen Wiesbaden,SV Wehen Wiesbaden,100.0
Welayta Dicha,Welayta Dicha,100.0
Wellington Phoenix,Wellington Phoenix,100.0
Wellington Phoenix (W),Wellington Phoenix (W),100.0
Welwalo Adigrat University,,
Werder Bremen,Werder Bremen,100.0
Werder Bremen (W),,
West Brom,West Bromwich Albion,100.0
West Brom U21,,
West Ham,West Ham United,100.0
West Ham U21,,
West Ham United (W),West Ham United LFC (W),100.0
Westerlo,KVC Westerlo,100.0
Western Sydney Wanderer,Western Sydney Wanderers,100.0
Western Sydney Wanderers,Western Sydney Wanderers,100.0
Western Sydney Wanderers (W),,
Weston-super-Mare,Weston-Super-Mare,100.0
Wigan,Wigan,100.0
Wigan Athletic U21,,
Wikki Tourist,Wikki Tourists,100.0
Willem II,Willem II Tilburg,100.0
Winterthur,FC Winterthur,100.0
Wofoo Tai Po,Tai Po FC,100.0
Woking,Woking FC,100.0
Wolfsburg,VfL Wolfsburg,100.0
Wolfsburg (W),VfL Wolfsburg (W),100.0
Wolverhampton Wanderers (W),Wolverhampton Wanderers (W),100.0
Wolves,Wolverhampton Wanderers,100.0
Wolves U21,,
Worksop Town,Worksop Town,100.0
Worthing,Worthing FC,100.0
Wrexham,Wrexham FC,100.0
Wycombe,Wycombe,100.0
XV Jau U20,,
XV de Piracicaba U20,,
Xelaju,CSD Xelaju MC,100.0
Yadanarbon,,
Yarmouk,Al-Yarmouk,100.0
Yeka Kifle Ketema,,
Yellow-Red Mechelen,KV Mechelen,100.0
Yeni Amasyaspor,Amasyaspor 1968 FK,100.0
Yeovil,Yeovil,100.0
Yesil Yalova FK,Yesil Yalova,100.0
York City,York City,100.0
Young Africans,Young Africans,100.0
Young Boys,BSC Young Boys,100.0
Yuen Long,,
Yverdon Sport,Yverdon-Sport FC,100.0
ZED FC,ZED FC,100.0
Zaglebie Lubin,Zaglebie Lubin,100.0
Zalaegerszeg,Zalaegerszeg TE,100.0
Zamalek,El Zamalek,100.0
Zambia,Zambia,100.0
Zamora,Zamora CF,100.0
Zaqatala,,
Zaragoza,Real Zaragoza,100.0
Zebbug Rangers FC,Zebbug Rangers FC,100.0
Zeleznicar Pancevo,Zeleznicar Pancevo,100.0
Zeljeznicar,FK Zeljeznicar,100.0
Zemplin,MFk Zemplin Michalovce,100.0
Zesco United,Zesco United FC,100.0
Zilina,MSK Zilina,100.0
Zimbabwe,Zimbabwe,100.0
Zira,Zira FK,100.0
Zlate Moravce,FC Vion Zlate Moravce,100.0
Zlin,FC Zlin,100.0
Zonguldakspor,Zonguldak Komurspor,100.0
Zrinjski,Zrinjski Mostar,100.0
Zulte-Waregem,SV Zulte Waregem,100.0
Zurrieq,Zurrieq,100.0
