Oddswar,Tumbet,Confidence
AD Bahia de Feira,Bahira De Feira BA,100.0
Al-Ittihad (BRN),AL ITTIHAD BHR,100.0
CA Linense,RB Linense,100.0
Ituano,Ituano SP,100.0
Samail,Samail SC,100.0
Samger FC,Samger,100.0
Zanaco FC,Zanaco,100.0
CA Independiente,,
Democrata GV,EC Democrata MG,100.0
Bombada FC,Bombada,100.0
Chorley,Chorley FC,100.0
Santarem,UD Santarem,100.0
Al Salmiyah,Al-Salmiya,100.0
Al-Sadd,AL SADD,100.0
Nakhon Si United F.C.,Nakhon Si United,100.0
La Equidad,D. La Equidad,100.0
Al Fahaheel FC,AL Fahaheel,100.0
Brikama Utd,Brikama United,100.0
Kitchee U22,Kitchee SC U22,100.0
Millonarios,Millonarios FC,100.0
Once Caldas,CD Once Caldas,100.0
El Entag El Harby,El-Entag El-Harby,100.0
Al-Nojoom,AL Nojoom,100.0
Galo Maringa,Galo Maringa PR,100.0
Itabirito FC,Itabirito FC MG,100.0
Queens University,Queens Üniversitesi,100.0
Alagoinhas AC,Alagoinhas AC BA,100.0
Foz Do Iguacu,Foz Do Iguacu PR,100.0
Katsina United,Katsina United FC,100.0
North District,North District FC,100.0
Spartak Trnava,FC Spartak Trnava,100.0
The New Saints,The New Saints FC,100.0
Cucuta Deportivo,Cucuta Deportivo FC,100.0
Boyaca Chico,Boyaco Chico,100.0
Deportivo Pereira,CS Deportivo Pereira,100.0
Beyoglu Yeni Carsi,Beyoglu Yeni Carsi FK,100.0
Deportivo Toluca U21,Deportivo Toluca FC U21,100.0
Triestina,Trestina,100.0
Vikingur Reykjavik,Vigingur Reykjavik,100.0
Um Al Hassam,Um Alhassam,100.0
Abo Qair Semads,Abo Qir Semads,100.0
1 Dezembro,1 Dezembro,100.0
1860 Munich,1860 Münih,100.0
3 Sing FC,3 Sing FC,100.0
AC Bra,AC BRA,100.0
AC Milan,Milan,100.0
AC Milan U20,AC Milan U20,100.0
AC Monza,Monza,100.0
AC Ospitaletto,Acd Ospitaletto,100.0
AD Municipal Liberia,Municipal Liberia,100.0
ADO Den Haag,Den Haag,100.0
AEK Athens,AEK Athen,100.0
AEK Larnaca,AEK Larnaca,100.0
AFC Amsterdam,Amsterdam FC,100.0
AFC Dunstable,Afc Dunstable,100.0
AFC Fylde,AFC Fylde,100.0
AFC Sudbury,AFC Sudbury,100.0
AFC Wimbledon,Wimbledon,100.0
AS Camberene,AS Camberene,100.0
AS Monaco U21,AS Monaco U21,100.0
AS Pikine,AS Pikine,100.0
AS Saint Priest,Saint Priest,100.0
ASD Pineto Calcio,Asd Pineto Calcio,100.0
ASO Chlef,ASO Chlef,100.0
AVS Futebol SAD,Avs Futebol Sad,100.0
AZ Alkmaar,AZ Alkmaar,100.0
AZ Picerno ASD,AZ Picerno,100.0
Aarau,FC Aarau,100.0
Aberdeen,Aberdeen,100.0
Abha,Abha,100.0
Academico de Viseu U23,Academico Viseu U23,100.0
Acatlan,Acatlan FC,100.0
Accrington,Accrington Stanley,100.0
Ad San Carlos,San Carlos,100.0
Adana Demirspor,Adana Demirspor,100.0
Adelaide United,Adelaide United,100.0
Agua Santa U20,EC Agua Santa SP U20,100.0
Airdrieonians,Airdrieonians,100.0
Airtel Kitara FC,Airtel Kitara,100.0
Ajax,Ajax,100.0
Ajman Club,Ajman Club,100.0
Ajman U23,Ajman U23,100.0
Al Ain U23,AL Ain FC U23,100.0
Al Bataeh,Al Bataeh,100.0
Al Bukayriyah,AL Bukayriyah FC,100.0
Al Dhafra U23,AL Dhafra U23,100.0
Al Draih,AL Draih,100.0
Al Hidd,AL HIDD,100.0
Al Jabalain,Al-Jabalain,100.0
Al Jahra,Al Jahra,100.0
Al Jazira U23,AL Jazira U23,100.0
Al Khalidiyah,AL Khalidiyah,100.0
Al Nahdha,Al-Nahda,100.0
Al Nasr U23,AL Nasr U23,100.0
Al Nassr,AL Nassr FC,100.0
Al Oruba,Al Oruba,100.0
Al Rayyan,Al-Rayyan,100.0
Al Sadd,Al-Sadd,100.0
Al Safa,AL Safa,100.0
Al Sahel,AL Sahel SC,100.0
Al Sailiya,Al-Sailiya,100.0
Al Seeb,Al-Seeb,100.0
Al Shabab,Al-Shabab,100.0
Al Shahaniya,Al Shahaniya,100.0
Al Shamal,Al Shamal,100.0
Al Tadhamon,AL Tadamon,100.0
Al Wasl U23,AL Wasl U23,100.0
Al-Akhdoud,AL Akhdood,100.0
Al-Ettifaq,Al Ittifaq,100.0
Al-Hilal,Al Hilal,100.0
Al-Ittihad Kalba,Al Ittihad Kalba,100.0
Al-Jndal,Al Jandal,100.0
Al-Kawkab,AL Kawkab,100.0
Al-Khaboora,Al-Khaboora,100.0
Al-Khaleej Saihat,AL Khaleej Saihat,100.0
Al-Masry,Al-Masry,100.0
Al-Muharraq,AL-MUHARRAQ SC,100.0
Al-Qadsia,Al Qadsia,100.0
Al-Rustaq,AL Rustaq,100.0
Al-Saqer FC,Al Saqer Fc,100.0
Al-Shabab,AL-SHABBAB,100.0
Al-Wakra,AL Wakrah,100.0
Alagoinhas BA U20,Alagoinhas AC BA U20,100.0
Alanyaspor,Alanyaspor,100.0
Alaves,Alaves,100.0
Albacete,Albacete Balompie,100.0
Albinoleffe,Albinoleffe,100.0
Alcorcon,Alcorcon,100.0
Aldershot,Aldershot Town,100.0
Aldosivi,CA Aldosivi,100.0
Alebrijes De Oaxaca,Alebrijes De Oaxaca,100.0
Alemannia Aachen,Alemannia Aachen,100.0
Alfreton Town,Alfreton Town,100.0
Algeciras,Algeciras CF,100.0
Algeria,Algeria,100.0
Alianza FC Valledupar,Alianza FC Valledupar,100.0
Almere City,Almere City,100.0
Almeria,Almeira,100.0
Altrincham,Altringham,100.0
Alvechurch,Alvechurch,100.0
Alverca,FC Alverca,100.0
Amagaju,Amagaju,100.0
Amed Sportif Faaliyetle,Amed Sportif Faaliyetler,100.0
America MG,America FC MG,100.0
America MG U20,America MG U20,100.0
America RN U20,America RN U20,100.0
Amiens,Amiens,100.0
Ammanford AFC,Ammanford,100.0
Anderlecht,Anderlecht,100.0
Anderlecht (Res),Anderlecht (K.),100.0
Andorra CF,FC Andorra,100.0
Angers,Angers,100.0
Angola,Angola,100.0
Annecy,Annecy FC,100.0
Anstey Nomads,Anstey Nomads,100.0
Antalyaspor,Antalyaspor,100.0
Antequera CF,Antequera,100.0
Antwerp,Royal Antwerp,100.0
Apr FC,Apr FC,100.0
Aracatuba FC U20,AE Aracatuba SP U20,100.0
Arba Minch,Arba Minch Kenema,100.0
Arbroath,Arbroath,100.0
Arenas Club de Getxo,Arenas Club Getxo,100.0
Arenteiro,CD Arenteiro,100.0
Arezzo,SS Arezzo,100.0
Argentina,Arjantin,100.0
Argentinos Juniors,Argentinos Juniors,100.0
Arminia Bielefeld,Arminia Bielefeld,100.0
Arnett Gardens FC,Arnett Gardens FC,100.0
Arouca,Arouca,100.0
Arsenal,Arsenal,100.0
Arzignanochiampo,Arzignano Valchiampo,100.0
As Kigali,AS Kigali,100.0
Ascoli,Ascoli,100.0
Aston Villa,Aston Villa,100.0
Aston Villa U21,Aston Villa FC U21,100.0
Asyut Petroleum,Asyut Petroleum,100.0
Atalanta,Atalanta,100.0
Atalanta U20,Atalanta BC U20,100.0
Athletic Bilbao,Athletic Bilbao,100.0
Athletic Bilbao B,Athletic Bilbao B,100.0
Athletic Club MG U20,Athletic Club MG U20,100.0
Atl Tucuman,Atletico Tucuman,100.0
Atlante,Atlante FC,100.0
Atletico Baleares,Atletico Baleares,100.0
Atletico Hidalgo,Atletico Hidalgo,100.0
Atletico MG,Atletico CP,100.0
Atletico MG U20,Atletico MG U20,100.0
Atletico Madrid,Atletico Madrid,100.0
Atletico Madrid II,Atletico Madrid B,100.0
Atletico Nacional Medellin,Atletico Nacional,100.0
Atletico San Luis,Atletico San Luis,100.0
Atletico Sanluqueno CF,Atletico Sanluqueno CF,100.0
Aubagne FC,Aubagne Fc,100.0
Auchinleck Talbot,Auchinleck Talbot,100.0
Auckland FC,Auckland FC,100.0
Audace Cerignola,Audace Cerignola,100.0
Augsburg,FC Augsburg,100.0
Aurora,Club Aurora,100.0
Aurora FC,Amora FC,100.0
Australia,Avustralya,100.0
Australia U23,Avustralya U23,100.0
Austria,Avusturya,100.0
Austria Wien,Austria Vienna,100.0
Auxerre,AJ Auxerre,100.0
Avranches,US Avranches,100.0
Ayeyawady United,Ayeyawady United,100.0
Ayutthaya United,Ayutthaya United,100.0
Az Alkmaar,AZ Alkmaar,100.0
BG Pathumthani United,Pathum United,100.0
Bahia EC U20,Bahia BA U20,100.0
Bahrain SC,BAHRAIN SC,100.0
Bala Town,Bala Town,100.0
Bali Utd Pusam,Bali United Pusam,100.0
Ballinamallard United,Ballinamallard United,100.0
Ballymena,Ballymena,100.0
Banbury Utd,Banbury United,100.0
Bandirmaspor,Bandırmaspor,100.0
Banfield,Banfield,100.0
Bangkok FC,Bangkok FC,100.0
Bangkok Utd,Bankok United,100.0
Bangor,Bangor,100.0
Bangu U20,Bangu U20,100.0
Bani Yas U23,Baniyas U23,100.0
Banik Ostrava,FC Banik Ostrava,100.0
Barakaldo,Baracaldo,100.0
Barcelona,Barcelona,100.0
Barnet,Barnet,100.0
Barnsley,Barnsley,100.0
Barra FC,Barra FC SC,100.0
Barra SE U20,Barra FC SC U20,100.0
Barracas Central,Barracas Central,100.0
Barrow,Barrow,100.0
Barry Town Utd,Barry Town,100.0
Barwell,Barwell FC,100.0
Basaksehir,Başakşehir,100.0
Bastia,Bastia,100.0
Bath City,Bath City,100.0
Bayern Munich,Bayern Münih,100.0
Bedford Town,Bedford Town,100.0
Beitar Jerusalem,Beitar Jerusalem FC,100.0
Bekasi City,FC Bekasi City,100.0
Bellinzona,AC Bellinzona,100.0
Belouizdad,Belouizdad,100.0
Benevento,Benevento,100.0
Benfica,Benfica,100.0
Benfica B,SL Benfica B,100.0
Benfica U23,Benfica U23,100.0
Benin,Benin,100.0
Beroe Stara Za,Beroe Stara Zagora,100.0
Besiktas,Beşiktaş,100.0
Betis,Betis,100.0
Bhayangkara FC,Bhayangkara,100.0
Biggleswade FC,Biggleswade FC,100.0
Birkirkara,Birkirkara,100.0
Birmingham,Birmingham City,100.0
Bishops Stortford,Bishop's Stortford,100.0
Blackburn,Blackburn,100.0
Blackpool,Blackpool FC,100.0
Boavista RJ,Boavista RJ,100.0
Boca Juniors,Boca Juniors,100.0
Bochum,VfL Bochum,100.0
Bodo Glimt,Bodo Glimt,100.0
Bodrumspor,Bodrumspor,100.0
Bohemians 1905,Bohemians 1905,100.0
Bolivar,Club Bolivar,100.0
Bologna,Bologna,100.0
Boluspor,Boluspor,100.0
Boreham Wood,Boreham Wood,100.0
Boston River,CA Boston River,100.0
Boston Utd,Boston United,100.0
Botafogo FR,Botafogo RJ,100.0
Botafogo FR U20,Botafogo RJ U20,100.0
Botafogo SP,Botafogo SP,100.0
Botafogo SP U20,Botafogo SP U20,100.0
Botev Plovdiv,Botev Plovdiv,100.0
Botev Vratsa,BOTEV VRATSA,100.0
Botosani,Botosani,100.0
Botswana,Botsvana,100.0
Boulogne,US Boulogne,100.0
Bournemouth,Bournemouth,100.0
Brackley Town,Brackley Town,100.0
Bradford,Bradford,100.0
Braga,SC Braga,100.0
Braintree,Braintree Town,100.0
Brann,Brann,100.0
Braunschweig,Braunschweig,100.0
Brazil,Brezilya,100.0
Brentford,Brentford,100.0
Brest,Brest,100.0
Brighton,Brighton,100.0
Brisbane Roar,Brisbane Roar,100.0
Bristol City,Bristol City,100.0
Bristol Rovers,Bristol Rovers,100.0
Briton Ferry Llansawel,Briton Ferry,100.0
Bromley,Bromley,100.0
Brondby,Brondby,100.0
Brusque FC,Brusque Sc,100.0
Bul FC,Bul FC,100.0
Bunga Raya FC,Bunga Raya FC,100.0
Burgos,Burgos,100.0
Burkina Faso,Burkina Faso,100.0
Burnley,Burnley,100.0
Burton Albion,Burton Albion,100.0
Buxton,Buxton FC,100.0
Bylis Ballsh,Bylis Ballsh,100.0
CA Assisense U20,Ca Assisense Sp U20,100.0
CA Carlos Renaux,Carlos Renaux,100.0
CA Ituzaingo,Ituzaingo,100.0
CA Juventus U20,CA Juventus SP U20,100.0
CA Platense,CA Platense,100.0
CA Tarazona,Tarazona,100.0
CA Votuporanguense U20,Votuporanguense SP U20,100.0
CD Castellon,Castellon,100.0
CD Marathon,CD Marathon,100.0
CD Olimpia,CD Olimpia,100.0
CD Pioneros de Cancun,Pioneros de Cancun,100.0
CD Teruel,CD Teruel,100.0
CD Villegas,CD Villegas,100.0
CE Europa,CE Europa,100.0
CF America,CF America,100.0
CFR Cluj,CFR Cluj,100.0
CS Cartagines,Cartagines,100.0
CS Constantine,CS Constantine,100.0
CS FC Dinamo Bucuresti,Dinamo Bükreş,100.0
CSA Steaua Bucuresti,Steaua Bucuresti,100.0
CSKA 1948 Sofia,CSKA 1948,100.0
CSKA Sofia,PFC CSKA Sofia,100.0
Cadiz,Cadiz,100.0
Caen,Caen,100.0
Caerau Ely,Caerau Ely FC,100.0
Caernarfon Town,Caernarfon Town FC,100.0
Cagliari,Cagliari,100.0
Calor de San Pedro,Calor de San Pedro,100.0
Calvary FC,Calvary,100.0
Camboriu,Camboriu,100.0
Cambridge Utd,Cambridge,100.0
Camelon Juniors,Camelon Juniors,100.0
Cancun FC,Cancun FC,100.0
Cape Verde,Cape Verde,100.0
Capivariano SP,Capivariano SP,100.0
Carajas EC U20,Carajas EC PA U20,100.0
Cardiff,Cardiff City,100.0
Cardiff Metropolitan,Cardiff Metropol Üniversitesi,100.0
Carlisle,Carlisle United,100.0
Carlton Town,Carlton Town,100.0
Carrarese,Carrarese,100.0
Carrick Rangers,Carrick Rangers,100.0
Casa Pia,Casa Pia,100.0
Cascavel PR,Cascavel PR,100.0
Casertana,Casertana,100.0
Catanzaro,Catanzaro,100.0
Cavalier,Cavaliers,100.0
Ceara SC U20,Ceara CE U20,100.0
Celta Vigo,Celta Vigo,100.0
Celta Vigo B,Celta Vigo B,100.0
Celtic,Celtic,100.0
Central Coast Marin,Central Coast Mariners,100.0
Central Coast Mariners,Central Coast Mariners,100.0
Central Espanol,Central Espanol,100.0
Ceramica Cleopatra,Ceramica Cleopatra,100.0
Cercle Brugge,Cercle Brugge,100.0
Cerro Largo FC,Cerro Largo FC,100.0
Cerro Porteno,Cerro Porteno,100.0
Cesena,Cesena,100.0
Chanthaburi FC,Chanthaburi,100.0
Chapecoense,Chapecoense SC,100.0
Chapecoense U20,Chapecoense SC U20,100.0
Charleroi,Royal Charleroi,100.0
Charlton,Charlton,100.0
Chateauroux,Chateauroux,100.0
Chatham Town,Chatham Town,100.0
Chaves,GD Chaves,100.0
Chelmsford,Chelmsford City,100.0
Chelsea,Chelsea,100.0
Cheltenham,Cheltenham,100.0
Cherno More,Cherno More Varna,100.0
Chesham Utd,Chesham UTD,100.0
Cheshunt,Cheshunt,100.0
Chester,Chester FC,100.0
Chesterfield,Chesterfield,100.0
Chiangrai Utd,Chiangrai United,100.0
Chilpancingo,Chilpancingo,100.0
China U23,Çin U23,100.0
Chippenham,Chippenham Town,100.0
Chonburi,Chonburi FC,100.0
Cianorte PR,Cianorte PR,100.0
Cimarrones De Sonora,Cimarrones de Sonora,100.0
Citizen AA,Citizen,100.0
Cittadella,Cittadella,100.0
Clermont,Clermont,100.0
Cliftonville,Cliftonville,100.0
Clitheroe FC,Clitheroe FC,100.0
Club Atletico La Paz,Club Atletico La Paz,100.0
Club Atletico Morelia,Atletico Morelia,100.0
Club Atletico Pantoja,Club Atletico Pantoja,100.0
Club Brugge,Club Brugge,100.0
Club Independiente Petro,Independiente Petrolero,100.0
Club Sporting Canamy,Sporting Canamy,100.0
Clyde,Clyde,100.0
Colchester,Colchester United,100.0
Coleraine,Coleraine,100.0
Coleraine (Res),Coleraine (Res.),100.0
Colima FC,Colima Fc,100.0
Colombia,Kolombiya,100.0
Colwyn Bay,Colwyn Bay,100.0
Comercial FC Tiete U20,Comercial FC SP U20,100.0
Comillas,Comillas CF,100.0
Como,Como,100.0
Concarneau,Concarneau,100.0
Concordia CA,Concordia AC,100.0
Coquimbo Unido,Coquimbo Unido,100.0
Cordoba,Cordoba,100.0
Corinthians,Corinthians SP,100.0
Corinthians U20,Corinthians SP U20,100.0
Coritiba,Coritiba PR,100.0
Correcaminos UAT,Correcaminos UAT,100.0
Corum Belediyespor,Çorum Belediyespor,100.0
Cosenza,Cosenza,100.0
Cottbus,Energie Cottbus,100.0
Cove Rangers,Cove Rangers,100.0
Coventry,Coventry City,100.0
Crawley Town,Crawley Town,100.0
Cremonese U20,US Cremonese U20,100.0
Criciuma U20,Criciuma SC U20,100.0
Crotone,Crotone,100.0
Cruz Azul,Cruz Azul,100.0
Cruzeiro MG,Cruzeiro MG,100.0
Cruzeiro U20,Cruzeiro MG U20,100.0
Crystal Palace,Crystal Palace,100.0
Crystal Palace U21,Crystal Palace FC U21,100.0
Cs Herediano,Herediano,100.0
Csikszereda,AFK Csikszereda,100.0
Cuiaba EC U20,Cuiaba EC MT U20,100.0
Cukaricki,FK Cukaricki,100.0
Curacao,Curaçao,100.0
Curzon Ashton,Curzon Ashton,100.0
DR Congo,DR Congo,100.0
Dakar Sacre Couer,Dakar Sacre Coeur,100.0
Danubio,Danubio,100.0
Darajani Gogo,Darajani Gogo FC,100.0
Darlington,Darlington,100.0
De Graafschap,De Graafschap,100.0
De Treffers,De Treffers,100.0
Debreceni VSC,Debrecen,100.0
Decisao,Decisao PE,100.0
Defence Force FC,Defence Force FC,100.0
Defensa y Justicia,Defensa Y Justicia,100.0
Defensor Sporting,Defensor Sporting,100.0
Delfines Del Este,Delfines Del Este,100.0
Den Bosch,Den Bosch,100.0
Deportes Limache,Deportes Limache,100.0
Deportivo Riestra,Deportivo Riestra,100.0
Deportivo Saprissa,Deportivo Saprissa,100.0
Derby,Derby,100.0
Dewa United FC,Dewa United,100.0
Dibba Al Fujairah U23,Dibba AL Fujairah U23,100.0
Dieppe,Dieppe FC,100.0
Dijon,Dijon,100.0
Dinamo Bucharest,Dinamo Bükreş,100.0
Dinamo Tirana,Dinamo Tiran,100.0
Dinamo Zagreb,Dinamo Zagreb,100.0
Diosgyori,Diosgyör,100.0
Dobrudzha,DOBRUDZHA DOBRICH,100.0
Doncaster,Doncaster,100.0
Dorking Wanderers,Dorking Wanderers,100.0
Dortmund,Borussia Dortmund,100.0
Duisburg,MSV Duisburg,100.0
Dukla Prague,Dukla Prag,100.0
Dulwich Hamlet,Dulwich Hamlet,100.0
Dumbarton,Dumbarton,100.0
Dunajska Streda,DAC Dunajska Streda,100.0
Dunbeholden FC,Dunbeholden FC,100.0
Dundee,FC Dundee,100.0
Dundee Utd,Dundee United,100.0
Dunfermline,Dunfermline Athletic FC,100.0
Dungannon,Dungannon,100.0
Dunkerque,Dunkerque,100.0
Dynamo Dresden,Dynamo Dresden,100.0
Dynamo Kiev,FC Dynamo Kiev,100.0
EC Noroeste U20,Noroeste SP U20,100.0
EC Santo Andre U20,Santo Andre SP U20,100.0
ES Ben Aknoun,Ben Aknoun,100.0
ESTAC Troyes,Troyes,100.0
East Fife,East Fife FC,100.0
East Kilbride,East Kilbride,100.0
East Riffa,EAST RIFFA,100.0
Eastleigh,Eastleigh,100.0
Ebbsfleet Utd,Ebbsfleed United,100.0
Ecuador,Ekvador,100.0
Edinburgh City,Edinburgh City,100.0
Egnatia Rrogozhine,Egnatia Rrogozhine,100.0
Eibar,Eibar,100.0
Eintracht Frankfurt,Eintracht Frankfurt,100.0
El Daklyeh,El Daklyeh,100.0
El Mansurah,El Mansurah,100.0
Elche,Elche,100.0
Eldense,CD Eldense,100.0
Elgin City FC,Elgin City,100.0
Elversberg,SV 07 Elversberg,100.0
Emmen,Emmen,100.0
Empoli,Empoli,100.0
Enfield Town,Enfield Town,100.0
Ensenada FC,Ensenada FC,100.0
Entella,Virtus Entella,100.0
Enyimba,Enyimba,100.0
Equatorial Guinea,Ekvator Ginesi,100.0
Equity FC,Equity,100.0
Erzgebirge,Erzgebirge Aue,100.0
Espanyol,Espanyol,100.0
Estoril Praia,Estoril Praia,100.0
Estudiantes,CA Estudiantes,100.0
Estudiantes Rio Cuarto,Estudiantes Rio Cuarto,100.0
Ethiopia Nigd Bank,Ethiopia Nigd Bank,100.0
Ethiopian Coffee,Ethiopian Coffee,100.0
Ethiopian Medhin,Ethiopian Medhin,100.0
Etoile Carouge,Etoile Carouge FC,100.0
Eupen,KAS Eupen,100.0
Everton,Everton,100.0
Excelsior,Excelsior,100.0
Excelsior Maassluis,Excelsior Maassluis,100.0
Exeter,Exeter City,100.0
Express,Express FC,100.0
Eyupspor,Eyüpspor,100.0
F.C. Racing,FC Racing,100.0
FC Ashdod,FC Ashdod,100.0
FC Basel,Basel,100.0
FC Blau Weiss Linz,FC Blau-Weiß Linz,100.0
FC Cartagena,Cartagena,100.0
FC Copenhagen,Kopenhag,100.0
FC Dordrecht,Dordrecht,100.0
FC Eagles,Eagles,100.0
FC Eindhoven,Eindhoven,100.0
FC Giugliano,FC Giugliano 1928,100.0
FC Groningen,Groningen,100.0
FC Halifax Town,Halifax Town,100.0
FC Heidenheim,Heidenheim,100.0
FC Holon Yermiyahu,Holon Yirmiyahu,100.0
FC Kariobangi Sharks,Kariobangi Sharks,100.0
FC Koln,Köln,100.0
FC Kosice,FK Kosice,100.0
FC Magdeburg,Magdeburg,100.0
FC Masar,FC Masar,100.0
FC Metaloglobus Bucuresti,FC Metaloglobus Bucuresti,100.0
FC Midland,Midland,100.0
FC Nordsjaelland,Nordsjaelland,100.0
FC Talanta,Talanta,100.0
FC Twente,Twente,100.0
FC Utd Manchester,FC United Of Manchester,100.0
FC Utrecht,Utrecht,100.0
FC Vaduz,Vaduz,100.0
FC Volendam,Volendam,100.0
FC Zurich,Zurich,100.0
FK Backa Topola,Backa Topola,100.0
FK IMT Novi Beograd,IMT Novi Belgrade,100.0
FK Jablonec,FK Jablonec,100.0
FK Novi Pazar,Novi Pazar,100.0
FK Radnicki 1923,Radnicki 1923,100.0
FK Vora,FK Vora,100.0
Falkirk,Falkirk,100.0
Famalicao,Famalicao,100.0
Famalicao U23,FC Famalicao U23,100.0
Farense,SC Farense,100.0
Farense U23,Sc Farense U23,100.0
Farnborough FC,Farnborough Town,100.0
Farul Constanta,Farul Constanta,100.0
Fasil Kenema,Fasil Ketema,100.0
Fatih Karagumruk Istanbul,Centone Karagümrük İstanbul,100.0
Feirense,Feirense,100.0
Felgueiras,Felgueiras,100.0
Fenerbahce,Fenerbahçe,100.0
Ferencvaros,Ferencvaros,100.0
Ferroviaria,Ferroviaria SP,100.0
Fethiyespor,Fethiyespor,100.0
Feyenoord,Feyenoord,100.0
Figueirense,Figueirense SC,100.0
Figueirense U20,Figueirense SC U20,100.0
Fiorentina,Fiorentina,100.0
Fiorentina U20,ACF Fiorentina U20,100.0
Fjolnir,Fjolnir,100.0
Flamengo,Flamengo RJ,100.0
Fleetwood Town,Fleetwood Town,100.0
Flint Town United,Flint Town United,100.0
Floresta EC,Floresta CE,100.0
Floriana,Floriana FC,100.0
Fluminense,Fluminense RJ,100.0
Fluminense U20,Fluminense Rj U20,100.0
Forli,Forli,100.0
Fortaleza FC,Fortaleza Fc,100.0
Fortaleza FC U20,Fortaleza CE U20,100.0
Fortuna Dusseldorf,Fortuna Düsseldorf,100.0
Fortuna Sittard,Fortuna Sittard,100.0
Fortune Sacco,Fortune Sacco,100.0
Francana U20,Francana U20,100.0
France,Fransa,100.0
Francs Borains,Francs Borains,100.0
Freiburg,Freiburg,100.0
Frosinone,Frosinone,100.0
Frosinone Calcio U20,Frosinone Calcio U20,100.0
Fulham,Fulham,100.0
Gabon,Gabon,100.0
Galatasaray,Galatasaray,100.0
Gambia Ports Authority,Gambia Ports Authority,100.0
Garforth Town,Garforth Town,100.0
Garudayaksa FC,Garuda Yaksa,100.0
Gasogi United,Gasogi United,100.0
Gateshead,Gateshead,100.0
Gavilanes Matamoros,Gavilanes de Matamoros,100.0
Gaziantep FK,Gaziantep,100.0
Genclerbirligi,Gençlerbirliği,100.0
Genemuiden,Genemuiden,100.0
Genk,Genk,100.0
Genoa,Genoa,100.0
Gent,Gent,100.0
Germany,Almanya,100.0
Getafe,Getafe,100.0
Ghana,Gana,100.0
Ghazl El Mahallah,Ghazl El Mahallah,100.0
Giana Erminio,Giana Erminio,100.0
Gil Vicente,Gil Vicente,100.0
Gil Vicente U23,Gil Vicente FC U23,100.0
Gillingham,Gillingham,100.0
Gimnastic,Gimnastic,100.0
Girona,Girona,100.0
Glenavon,Glenavon,100.0
Glenavon (Res),Glenavon (Res.),100.0
Glentoran,Glentoran,100.0
Gloucester,Gloucester,100.0
Go Ahead Eagles,GO Ahead Eagles Srl,100.0
Goias U20,Goias Go U20,100.0
Gor Mahia FC,Gor Mahia FC,100.0
Gorilla FC,Gorilla FC,100.0
Goztepe,Göztepe,100.0
Granada,Granada,100.0
Grasshoppers Zurich,Grasshoppers,100.0
Green Eagles,Green Eagles,100.0
Gremio,Gremio RS,100.0
Grenoble,Grenoble,100.0
Greuther Furth,Greuther Furth,100.0
Grimsby,Grimsby,100.0
Guadalajara,Guadalajara,100.0
Guadalupe F.C,Guadelupe FC,100.0
Guanabara City U20,Guanabara City GO U20,100.0
Guarani SP U20,Guarani SP U20,100.0
Gubbio,AS Gubbio,100.0
Guimaraes,Guimaraes,100.0
Guingamp,Guingamp,100.0
Gzira United FC,Gzira United Fc,100.0
HNK Gorica,HNK Gorica,100.0
HOEK,Hoek,100.0
HSC'21,HSC 21,100.0
Hacken,Hacken,100.0
Haiti,Haiti,100.0
Hajduk Split,Hajduk Split,100.0
Hajer Club,Hajer Club,100.0
Hamburger SV,Hamburger SV,100.0
Hamilton,Hamilton,100.0
Hamrun Spartans FC,Hamrun Spartans FC,100.0
Hannover,Hannover 96,100.0
Hansa Rostock,Hansa Rostock,100.0
Hapoel Afula,Hapoel Afula,100.0
Hapoel Beer Sheva,Hapoel Beer-Sheva,100.0
Hapoel Eran Hadera,Hapoel Hadera,100.0
Hapoel Haifa,Hapoel Haifa FC,100.0
Hapoel Jerusalem,Hapoel Jerusalem,100.0
Hapoel Kfar Saba,Hapoel Kfar Saba FC,100.0
Hapoel Kfar Shelem,Hapoel Kfar Shelem,100.0
Hapoel Nof HaGalil,Hapoel Nof Hagalil FC,100.0
Hapoel Petach Tikva,Hapoel Petah Tikva FC,100.0
Hapoel Raanana,Hapoel Ra`anana FC,100.0
Hapoel Ramat Gan,Hapoel Ramat Gan,100.0
Hapoel Rishon Lezion,Hapoel Rishon Lezion FC,100.0
Hapoel Tel Aviv,Hapoel Tel Aviv FC,100.0
Haras El Hodood,Haras El Hodood,100.0
Harborough Town,Harborough Town Fc,100.0
Harbour View FC,Harbour View,100.0
Harrogate Town,Harrogate Town,100.0
Hartberg,Hartberg,100.0
Hartlepool,Hartlepool United,100.0
Hatayspor,Hatayspor,100.0
Hauts Lyonnais,FC Hauts Lyonnais,100.0
Haverfordwest County,Haverfordwest County AFC,100.0
Hearts,Hearts,100.0
Heerenveen,Heerenveen,100.0
Hellas Verona U20,Hellas Verona U20,100.0
Helmond Sport,Helmond Sport,100.0
Hemel Hempstead,Hemel Hempstead,100.0
Heracles,Heracles,100.0
Hercules CF II,Hercules CF B,100.0
Hereford FC,Hereford,100.0
Hermannstadt,Hermannstadt,100.0
Hertha Berlin,Hertha BSC,100.0
Hibernian,Hibernian,100.0
Hoffenheim,Hoffenheim,100.0
Hoi King SA,Hoi King,100.0
Holstein Kiel,Holstein Kiel,100.0
Hong Kong FC,Hong Kong FC,100.0
Hoogeveen,Hzvv Hoogeveen,100.0
Hornchurch,Hornchurch,100.0
Horsham FC,Horsham,100.0
Hottain,Hottain,100.0
Hradec Kralove,Hradec Kralove,100.0
Huachipato,Huachipato,100.0
Huddersfield,Huddersfield,100.0
Huddersfield Town U21,Huddersfield Town U21,100.0
Huesca,Huesca,100.0
Hull,Hull,100.0
Hungerford,Hungerford Town,100.0
Huracan,CA Huracan,100.0
Hyeres,Hyeres,100.0
Ibiza Eivissa,Ibiza Eivissa,100.0
Ibrachina FC U20,Ibrachina Fc Sp U20,100.0
Imigresen FC,Imigresen FC,100.0
Ind Medellin,Independiente Medellin,100.0
Independente EC U20,Independente EC AP U20,100.0
Independente FSJ,Independente FSJ,100.0
Independiente Rivadavia,Independiente Rivadavia,100.0
Ingolstadt,FC Ingolstadt,100.0
Instituto,Instituto,100.0
Inter,İnter,100.0
Inter Club Escaldes,Inter Club de Escaldes,100.0
Inter Limeira,Inter De Limeira SP,100.0
Inter Milan (Res),Inter Milan,100.0
Inter Milan U20,Inter Milano U20,100.0
Inter de Santa Maria,Inter de Santa Maria,100.0
Internacional,Internacional RS,100.0
Inverness CT,Inverness,100.0
Ipswich,Ipswich,100.0
Iraq U23,Irak U23,100.0
Ironi Modiin,Ironi Modiin,100.0
Ironi Tiberias,Ironi Tiberias,100.0
Ismaily,Ismaily Sc,100.0
Ispe FC,Ispe FC,100.0
Istanbulspor,İstanbulspor,100.0
Istres,Istres,100.0
Ituano FC U20,Uniao FC U20,100.0
Ivory Coast,Ivory Coast,100.0
JL Chiangmai United,Chiangmai United,100.0
JS Saoura,Saoura,100.0
Jagiellonia Bialystock,Jagiellonia,100.0
Jaguares de Cordoba,Jaguares De Cordoba,100.0
Jahn Regensburg,Jahn Regensburg,100.0
Japan,Japonya,100.0
Japan U23,Japonya U23,100.0
Jeddah Club,Jeddah Club,100.0
Johor Darul Takzim,Johor Darul Ta'zim FC,100.0
Jong AZ Alkmaar,AZ Alkmaar,100.0
Jong Ajax Amsterdam,Genç Ajax Amsterdam,100.0
Jong FC Utrecht,Jong Utrecht,100.0
Jong PSV Eindhoven,Genç Psv Eindhoven,100.0
Juve Stabia,Juve Stabia,100.0
Juventud De Las Piedras,Juventud de las Piedras,100.0
Juventud Torremolinos,Juventud Torremolinos CF,100.0
Juventude U20,Juventude RS U20,100.0
Juventus,Juventus,100.0
Juventus U20,Juventus Turin U20,100.0
KF Drita,KF Drita,100.0
KF Laci,KF Laci,100.0
KR Reykjavik,IR Reykjavik,100.0
KS Burreli,KS Burreli,100.0
Kabylie,Kabylie,100.0
Kahraba Ismailia,Kahroba AL Ismailia,100.0
Kairat Almaty,Kairat,100.0
Kaiserslautern,Kaiserslautern,100.0
Kakamega Homeboyz,Kakamega Homeboyz,100.0
Kanchanaburi,SGB Kanchanaburi FC,100.0
Kano Pillars FC,Kano Pillars FC,100.0
Karlsruhe,Karlsruher,100.0
Kasimpasa,Kasımpaşa,100.0
Katwijk,Katwijk,100.0
Kayserispor,Kayserispor,100.0
Kazincbarcika,Kazincbaricika,100.0
Kazma SC,Kazma SC,100.0
Keciorengucu,Keçiörengücü,100.0
Kelantan United,Kelantan United FC,100.0
Kelty Hearts,Kelty Hearts FC,100.0
Kibera Black Stars,Kibera Black Stars,100.0
Kidderminster,Kidderminster,100.0
Kilmarnock,Kilmarnock,100.0
Kings Lynn,Kings Lynn FC,100.0
Kisvarda,Kisvarda FC,100.0
Kitchee SC,Kitchee SC,100.0
Kocaelispor,Kocaelispor,100.0
Konyaspor,Konyaspor,100.0
Korona Kielce,Korona Kielce,100.0
Kortrijk,Kortrijk,100.0
Kowloon City FC,Kowloon City,100.0
Kuala Lumpur,Kuala Lumpur City,100.0
Kun Khalifat FC,Kun Khalifat FC,100.0
Kwun Tong,Kwun Tong,100.0
Kyrgyzstan U23,Kırgızistan U23,100.0
LD Alajuelense,LD Alajuelense,100.0
La Viena FC,La Viena Fc,100.0
Lamphun Warrior,Lamphun Warrior,100.0
Larne,Larne,100.0
Las Palmas,Las Palmas,100.0
Lausanne,Lausanne,100.0
Laval,Laval,100.0
Lazio,Lazio,100.0
Lazio U20,SS Lazio U20,100.0
Le Havre,Le Havre,100.0
Le Mans,Le Mans UC 72,100.0
Le Puy,Le Puy,100.0
Leamington,Leamington,100.0
Leatherhead FC,Leatherhead,100.0
Lecce,Lecce,100.0
Lecce U20,US Lecce U20,100.0
Lecco,Lecco,100.0
Lech Poznan,KKS Lech Poznan,100.0
Lee Man FC U22,Lee Man FC U22,100.0
Leeds,Leeds,100.0
Leek Town FC,Leek Town,100.0
Leganes,Leganes,100.0
Legia Warsaw,Legia Varşova,100.0
Leicester,Leicester,100.0
Leiria,UD Leiria,100.0
Leixoes,Leixoes,100.0
Leixoes U23,Leixoes SC U23,100.0
Lens,RC Lens,100.0
Leon,Leon,100.0
Leones Negros Udg II,Leones Negros Udg II,100.0
Levante,Levante UD,100.0
Leverkusen,Bayer Leverkusen,100.0
Leyton Orient,Leyton Orient,100.0
Lille,Lille,100.0
Limonest,Limonest Fc,100.0
Lincoln,Lincoln FC,100.0
Linfield,Linfield,100.0
Linfield (Res),Linfield Swifts (Res.),100.0
Lion City Sailors FC,Lion City Sailors FC,100.0
Liverpool,Liverpool,100.0
Liverpool Montevideo,Liverpool Montevideo,100.0
Livingston,Livingston,100.0
Livorno,Livorno,100.0
Llaneros FC,Llaneros Fc,100.0
Lobos ULMX,Lobos Ulmx,100.0
Lokomotiv Plovdiv,PFC Lokomotiv Plovdiv,100.0
Lokomotiv Sofia,Lokomotive Sofia,100.0
Lokomotiva,Lokomotive Sofia,100.0
Lommel,Lommel SK,100.0
Londrina,Londrina PR,100.0
Lorient,Lorient,100.0
Luanda Villa FC,Luanda Villa,100.0
Lucky Mile,Lucky Mile,100.0
Ludogorets,Ludogorets Razgrad,100.0
Lugano,Lugano,100.0
Lugo,Lugo,100.0
Lumezzane,Lumezzane,100.0
Lusitania Futebol Clube,Lusitania de Lourosa,100.0
Luton,Luton,100.0
Luzern,Luzern,100.0
Lyon,Lyon,100.0
MB Rouissat,Mb Rouisset,100.0
MC Alger,MC Alger,100.0
MC Oran,MC Oran,100.0
MFK Karvina,MFK Karniva,100.0
MFK Skalica,MFK Skalica,100.0
MOFA FC,Moca FC,100.0
MS Kfar Kasem,SC Kfar Qasem,100.0
MTK Budapest,MTK Budapest,100.0
MVV Maastricht,Maastricht,100.0
Macara,CSD Macara,100.0
Macarthur FC,Macarthur,100.0
Maccabi Bnei Raina,Maccabi Bnei Raina,100.0
Maccabi Haifa,Maccabi Haifa,100.0
Maccabi Herzliya,Maccabi Herzelia,100.0
Maccabi Netanya,Maccabi Netanya,100.0
Maccabi Petach Tikva,Maccabi Petah Tikva,100.0
Maccabi Tel Aviv,Maccabi Tel Aviv,100.0
Macclesfield,Macclesfield FC,100.0
Madura Utd,Madura United,100.0
Madureira,Madureira RJ,100.0
Mafra,Mafra,100.0
Maguary,Maguary PE,100.0
Mahar United FC,Mahar United,100.0
Mahasarakham Sam Bai Tao FC,Mahasarakham Sam Bai Tao,100.0
Mainz,FSV Mainz,100.0
Malaga,Malaga CF,100.0
Mali,Mali,100.0
Mallorca,RCD Mallorca,100.0
Malmo FF,Malmö,100.0
Malut United,Malut United,100.0
Mansfield,Mansfield Town,100.0
Mantova,Mantova 1911,100.0
Mara Sugar FC,Mara Sugar FC,100.0
Maracana CE,Maracana CE,100.0
Maranguape CE,Maranguape CE,100.0
Marbella,Marbella,100.0
Marica,Marica,100.0
Marine FC,Marine FC,100.0
Maringa,Maringa,100.0
Maritimo,Maritimo,100.0
Maritimo U23,CS Maritimo U23,100.0
Marsaxlokk FC,Marsaxlokk,100.0
Marseille,Marsilya,100.0
Mathare United FC,Mathare United FC,100.0
Matlock Town,Matlock Town,100.0
Meia Noite U20,EC Meia Noite SP U20,100.0
Mekelle 70 Enderta,Mekelle 70 Enderta FC,100.0
Melaka FC,Melaka FC,100.0
Melbourne City,Melbourne City FC,100.0
Melbourne Victory,Melbourne Victory,100.0
Merida AD,Merida,100.0
Merthyr Town,Merthyr Town,100.0
Metz,Metz,100.0
Mexico,Mexico,100.0
Mgladbach,M'gladbach,100.0
Middlesbrough,Middlesbrough,100.0
Midtjylland,Midtjylland,100.0
Millwall,Millwall,100.0
Mineros de Fresnillo FC,Mineros de Fresnillo FC,100.0
Mineros de Zacatecas,Mineros Zacatecas,100.0
Mirandes,CD Mirandes,100.0
Mirassol,Mirassol SP,100.0
Mirassol U20,Mirassol FC U20,100.0
Mlada Boleslav,Mlada Boleslav,100.0
Modena,Modena,100.0
Monaco,Monaco,100.0
Monopoli,Monopoli,100.0
Monsoon FC,Monsoon FC RS,100.0
Montana,Montana 1921,100.0
Monte Azul SP,Monte Azul SP,100.0
Monte Roraima U20,Monte Roraima RR U20,100.0
Montego Bay United,Montego Bay United,100.0
Monterrey,Monterrey,100.0
Montpellier,Montpellier,100.0
Montrose,Montrose,100.0
Monza U20,AC Monza U20,100.0
Morecambe,Morecambe,100.0
Moreirense,Moreirense,100.0
Morocco,Morocco,100.0
Mosta,Mosta,100.0
Motherwell,Motherwell,100.0
Mount Pleasant FC,Mount Pleasant FC,100.0
Mozambique,Mozambik,100.0
Muangthong Utd,Muan Thong United,100.0
Muhanga,AS Muhanga,100.0
Muranga Seal,Muranga Seal,100.0
NAC Breda,Breda,100.0
NEC FC,Nec Fc,100.0
NEC Nijmegen,Nijmegen,100.0
NK Celje,NK Celje,100.0
NK Istra,NK Istra 1961,100.0
NK Radomlje,NK Radomlje,100.0
Nacional FC AM U20,Nacional AC SP U20,100.0
Nacional Potosi,CA NACIONAL POTOSI,100.0
Nakhon Pathom,Nakhon Pathom FC,100.0
Nakhon Ratchasima,Nakhon Ratchasima FC,100.0
Nancy,Nancy,100.0
Nantes,Nantes,100.0
Napoli,Napoli,100.0
Napoli U20,SSC Napoli U20,100.0
Napsa Stars,Napsa Stars,100.0
Nasarawa United,Nasarawa United,100.0
National Bank,National Bank,100.0
Nautico PE,Nautico PE,100.0
Naxxar Lions,Naxxar Lions FC,100.0
Necaxa,Necaxa,100.0
Negeri Sembilan,Negeri Sembilan,100.0
Netherlands,Netherlands (Conde),100.0
Newcastle,Newcastle,100.0
Newcastle Jets,Newcastle Jets,100.0
Newport City,Newport City FC,100.0
Newton Aycliffe,Newton Aycliffe,100.0
Nice,Nice,100.0
Nigeria,Nijerya,100.0
Northampton,Northampton,100.0
Norwich,Norwich,100.0
Nottm Forest,Nottingham Forest,100.0
Notts Co,Notts County,100.0
Novara,Novara FC,100.0
Novo Hamburgo,Novo Hamburgo RS,100.0
Novorizontino,Novorizontino SP,100.0
Nurnberg,Nürnberg,100.0
Nyiregyhaza,Nyiregyhaza FC,100.0
Nzoia United FC,Nairobi United FC,100.0
OFK Beograd,Belgrade,100.0
Oeste U20,Oeste SP U20,100.0
Oliveirense,Oliveirense,100.0
Olympiakos,Olympiacos,100.0
Olympic Charleroi,OC Charleroi,100.0
Olympique Akbou,Olympique Akbou,100.0
Oman FC,Oman FC,100.0
Operario PR,Operario PR,100.0
Orleans,Orleans,100.0
Osasuna,CA Osasuna,100.0
Osijek,Osijek,100.0
Otelul Galati,Otelul Galati,100.0
Oud-Heverlee Leuven,Oud-Heverlee Leuven W.,100.0
Ourense CF,Ourense CF,100.0
Oviedo,Real Oviedo,100.0
Oxford City,Oxford City,100.0
Oxford Utd,Oxford United,100.0
PAOK,PAOK,100.0
PDRM,PDRM,100.0
PEC Zwolle,Zwolle,100.0
PFC Levski Sofia,PFC Levski Sofia,100.0
PSIS Semarang,Psis Semarang,100.0
PSM Makassar,PSM Makassar,100.0
PSV,PSV,100.0
Pachuca,CF Pachuca,100.0
Pacos Ferreira,Pacos Ferreira,100.0
Paderborn,SC Paderborn,100.0
Padova,Padova,100.0
Pafos FC,Pafos,100.0
Paks,Paksi,100.0
Palermo,Palermo FC,100.0
Palmeiras U20,Palmeiras SP U20,100.0
Panama,Panama,100.0
Panathinaikos,Panathinaikos,100.0
Paradou,Paradou,100.0
Paraguay,Paraguay,100.0
Pardubice,Pardubice,100.0
Paris 13 Atletico,Paris 13 Atletico,100.0
Parma,Parma,100.0
Partizan Belgrade,Partizan Beograd,100.0
Patro Eisden Maasmechelen,Patro Maasmechelen,100.0
Pattani FC,Pattani FC,100.0
Pau,Pau,100.0
Penafiel,Penafiel,100.0
Pendikspor,Pendikspor,100.0
Peralada,Peralada CF,100.0
Pergolettese,US Pergolettese,100.0
Persebaya Surabaya,Persebaya Surabaya,100.0
Persedikab Kediri,Persik Kediri,100.0
Persib Bandung,Persib Bandung,100.0
Persiba Balikpapan,Persiba Balikpapan,100.0
Persija Jakarta,Persija Jakarta (ISL),100.0
Persijap Jepara,Persijap Jepara,100.0
Persikota Tangerang,Persita Tangerang,100.0
Persiku Kudus,Persiku Kudus,100.0
Persipura Jayapura,Persipura Jayapura,100.0
Persiraja Banda Aceh,Persiraja Banda,100.0
Persis Solo,Persis Solo,100.0
Perth Glory,Perth Glory,100.0
Peru,Peru,100.0
Perugia,Perugia,100.0
Peterborough,Peterborough Utd.,100.0
Peterborough Sports FC,Peterborough Sports FC,100.0
Peterhead,Peterhead FC,100.0
Petrojet,Petrojet FC,100.0
Pharco FC,Pharco,100.0
Phrae United,Phrae United,100.0
Pisa,SC Pisa,100.0
Plymouth,Plymouth Argyle,100.0
Plymouth Parkway,Plymouth Argyle,100.0
Police Tero,Police Tero,100.0
Ponferradina,SD Ponferradina,100.0
Ponte Preta,Ponte Preta SP,100.0
Ponte Preta U20,Ponte Preta SP U20,100.0
Pontedera,Pontevedra,100.0
Pontypridd Town,Pontypridd Town,100.0
Port Vale,Port Vale,100.0
Portadown,Portadown,100.0
Portadown (Res),Portadown,100.0
Portimonense,Portimonense,100.0
Portimonense SC U23,Portimonense U23,100.0
Portmore Utd,Portmore United FC,100.0
Porto,Porto,100.0
Porto B,FC Porto B,100.0
Portsmouth,Portsmouth,100.0
Portuguesa RJ,Portuguesa RJ,100.0
Portuguesa SP,Portuguesa SP,100.0
Posta Rangers,Posta Ranger FC,100.0
Potenza,Potenza,100.0
Potiguar,Potiguar RN,100.0
Pouso Alegre,Pouso Alegre,100.0
Power Dynamos,Power Dynamos,100.0
Preussen Munster,SC Preussen 06 Munster,100.0
Pro Vercelli,Pro Vercelli 1892,100.0
Psim Yogyakarta,Psim Yogyakarta,100.0
Psms Medan,PSMS Medan,100.0
Pss Sleman,PSS Sleman,100.0
Puebla,Puebla,100.0
Pumas UNAM,Pumas UNAM,100.0
Puntarenas F.C.,Puntarenas,100.0
Puskas Akademia,Puskas Akademia,100.0
Pyramids,Pyramids FC,100.0
QPR,QPR,100.0
Qarabag FK,Karabağ,100.0
Qatar,Katar,100.0
Qatar SC,Qatar SC,100.0
Queen of South,Queen of The South FC,100.0
Queens Park,Queens Park,100.0
Queretaro,Queretaro FC,100.0
Quevilly Rouen,US Quevilly Rouen,100.0
Quixada FC,Quixada CE,100.0
RAAL La Louviere,Raal La Louviere,100.0
RB Leipzig,RB Leipzig,100.0
RB Leipzig U21,RB Leipzig U21,100.0
RC Grasse,RC Grasse,100.0
RKC Waalwijk,Waalwijk,100.0
Racing FC Porto Palmeiras,Racing FC Porto Palmeiras,100.0
Racing Santander,Racing Santander,100.0
Racing United FC,Racing United FC,100.0
Racing de Ferrol,Racing Club de Ferrol,100.0
Radnicki Nis,Radnicki Nis,100.0
Radnik Surdulica,Radnik Surdulica,100.0
Rakow Czestochowa,Rakow Czestochowa,100.0
Randers,Randers,100.0
Rapid Bucharest,Rapid Bucuresti 1923,100.0
Rapid Vienna,SK Rapid Vien,100.0
Rapperswil-Jona,FC Rapperswil-Jona,100.0
Rasi Salai United FC,Rasisalai United,100.0
Ratchaburi,Ratchaburi,100.0
Rayo Vallecano,Rayo Vallecano,100.0
Rayong FC,Rayong FC,100.0
Reading,Reading,100.0
Real Aviles,Real Aviles CF,100.0
Real De Banjul,Real de Banjul,100.0
Real Madrid,Real Madrid,100.0
Real Madrid U19,Real Madrid U19,100.0
Real Murcia,Real Murcia CF,100.0
Real Sociedad,Real Sociedad,100.0
Real Sociedad U21,Real Sociedad U21,100.0
Reboceros De La Piedad,Reboceros de La Piedad,100.0
Red Bull Bragantino,Red Bull Bragantino SP,100.0
Red Star,Red Star FC,100.0
Redditch United,Redditch United,100.0
Referencia FC U20,Referencia FC SP U20,100.0
Reggiana,Reggiana,100.0
Reims,Reims,100.0
Renate,Renate,100.0
Rennes,Rennes,100.0
Resources Capital FC,Resources Capital FC,100.0
Retro FC Brasil,Retro Brasil,100.0
Rijeka,Rijeka,100.0
Rio Ave,Rio Ave,100.0
Rio Ave FC U23,Rio Ave U23,100.0
Rivers United FC,Rivers United FC,100.0
Rizespor,Rizespor,100.0
Rochdale,Rochdale,100.0
Roda JC,Roda,100.0
Rodez,Rodez,100.0
Roma,Roma,100.0
Rosario Central,CA Rosario Central,100.0
Ross Co,Ross County,100.0
Rot-Weiss Essen,Rot-Weiss Essen,100.0
Rotherham,Rotherham,100.0
Rouen,Rouen,100.0
Runcorn Linnets FC,Runcorn Linnets,100.0
Rutsiro FC,Rutsiro FC,100.0
Ruzomberok,MFK Ruzomberok,100.0
S.S.D. Casarano Calcio,S.S.D. Casarano Calcio,100.0
SC Lokeren-Temse,KSC Lokeren Temse,100.0
SC Telstar,Stormvogels Telstar,100.0
SC Villa,SC Villa,100.0
SCR Altach,SCR Altach,100.0
SER Caxias do Sul,SER Caxias do Sul,100.0
SSD Bari,SSC Bari,100.0
SSD Dolomiti Bellunesi,Dolomiti Bellunesi,100.0
SV Bubali,Bubali,100.0
SV Darmstadt,Darmstadt,100.0
SV Deportivo Nacional,Deportivo Nacional,100.0
SV Ried,SV Ried,100.0
SV Sporting Aruba,Sporting Aruba,100.0
Saarbrucken,Saarbrücken,100.0
Sabadell,Sabadell,100.0
Sabah FA,Sabah FA,100.0
Saham,Saham,100.0
Saint George FC,Saint George FC,100.0
Salcedo FC,Salcedo FC,100.0
Salernitana,US Salernitana,100.0
Salford City,Salfrod City,100.0
Salisbury City,Salisbury FC,100.0
Sambenedettese,Sambenedettese,100.0
Sampdoria,Sampdoria,100.0
Samsunspor,Samsunspor,100.0
San Antonio Bulo Bulo,San Antonio Bulo Bulo,100.0
San Lorenzo,San Lorenzo,100.0
Santa Catarina FC,Santa Catarina SC,100.0
Santa Clara,Santa Clara,100.0
Santa Clara U23,Santa Clara U23,100.0
Santa Cruz FC U20,Santa Cruz PE U20,100.0
Santa Cruz PE,Santa Cruz PE,100.0
Santa Fe U20,Santa Fe SP U20,100.0
Santo Andre,Santo Andre SP,100.0
Santos,Santos SP,100.0
Santos Laguna,Club Santos Laguna,100.0
Santos Laguna U21,Santos Laguna U21,100.0
Santos U20,Santos AP U20,100.0
Sao Bento,Sao Bento SP,100.0
Sao Bernardo,Sao Bernardo FC,100.0
Sao Jose EC SP,Sao Jose EC,100.0
Sao Luiz,Sao Luiz RS,100.0
Sao Paulo,Sao Paulo SP,100.0
Sao Paulo U20,Sao Paulo SP U20,100.0
Sarmiento de Junin,CA Sarmiento Junin,100.0
Sassuolo,Sassuolo,100.0
Saudi Arabia,Suudi Arabistan,100.0
Saudi Arabia U23,Suudi Arabistan U23,100.0
Scarborough Athletic,Scarborough Athletic,100.0
Schalke 04,Schalke 04,100.0
Schweinfurt,1. FC Schweinfurt 05,100.0
Scunthorpe,Scunthorpe,100.0
Selangor FA,Selangor FA,100.0
Semen Padang,Semen Padang,100.0
Senegal,Senegal,100.0
Septemvri,FK Septemvri Sofia,100.0
Seraing Utd,RFC Seraing,100.0
Sertaozinho,Sertaozinho SP,100.0
Servette,Servette,100.0
Sevilla,Sevilla FC,100.0
Shakhtar,Shakhtar Donetsk,100.0
Sham Shui Po,Sham Shui Po,100.0
Shamrock Rovers,Shamrock Rovers,100.0
Shatin SA,Shatin,100.0
Sheff Utd,Sheffield United,100.0
Sheger Ketema,Sheger Ketema,100.0
Shelbourne,Shelbourne FC,100.0
Shkendija,Shkendija,100.0
Shooting Stars,Shooting Stars,100.0
Shrewsbury,Shrewsbury Town,100.0
Sigma Olomouc,Sigma Olomouc,100.0
Silkeborg,Silkeborg,100.0
Singida Black Stars SC,Singida Black Stars,100.0
Sint Truiden,ST. Truidense VV,100.0
Sion,Sion,100.0
Siracusa,Siracusa,100.0
Sirens FC,Sirens FC,100.0
Sisaket United,Sisaket United Fc,100.0
Sivasspor,Sivasspor,100.0
Slavia Prague,Slavia Prag,100.0
Slavia Sofia,PFC Slavia Sofia,100.0
Sliema Wanderers FC,Sliema Wanderers,100.0
Sloga Doboj,SLOGA DOBOJ,100.0
Slough Town,Slough Town,100.0
Slovacko,Slovacko,100.0
Slovan Bratislava,Slovan Bratislava,100.0
Smouha,Smouha SC,100.0
Sochaux,Sochaux,100.0
Sociedad B,Real Sociedad B,100.0
Sofapaka,Sofapaka,100.0
Solihull Moors,Solihull Moors,100.0
Sonacos,Sonacos,100.0
SonderjyskE,Soenderjyske,100.0
Songkla FC,Songkhla Fc,100.0
Sorrento,Sorrento,100.0
South Shields,South Shields,100.0
Southampton,Southampton,100.0
Southend,Southend,100.0
Southport,Southport,100.0
Spain,Spain,100.0
Spakenburg,Spakenburg,100.0
Spanish Town Police,Spanish Town Police FC,100.0
Sparta Prague,Sparta Prag,100.0
Sparta Rotterdam,Sparta Rotterdam,100.0
Spartak Varna,FK Spartak 1918 Varna,100.0
Spartans,Spartans,100.0
Spennymoor Town,Spennymoor Town,100.0
Spezia,Spezia,100.0
Sporting Gijon,Sporting Gijon,100.0
Sporting Lisbon,Sporting Lisbon,100.0
Sporting Lisbon B,Sporting Lisbon B,100.0
Sporting San Jose FC,Sporting San Jose,100.0
Sportlust 46,Zsv Sportlust 46,100.0
St Etienne,AS Saint-Etienne,100.0
St Gallen,St. Gallen,100.0
St Johnstone,St Johnstone,100.0
St Mirren,St Mirren,100.0
St Pauli,FC St. Pauli,100.0
Stade Lausanne-Ouchy,Stade Ls Ouchy,100.0
Stade Nyonnais,Stade Nyonnis,100.0
Stamford,Stamford,100.0
Stenhousemuir,Stenhousemuir,100.0
Stevenage,Stevenage FC,100.0
Stirling,Stirling Albion FC,100.0
Stockport,Stockport County,100.0
Stoke,Stoke City,100.0
Stranraer,Stranraer,100.0
Strasbourg,Strasbourg,100.0
Sturm Graz,Sturm Graz,100.0
Stuttgart,Stuttgart,100.0
Sudan,Sudan,100.0
Sukhothai,Sukhothai FC,100.0
Sumset United,Sumsel United,100.0
Sunderland,Sunderland AFC,100.0
Supreme FC,Supreme FC,100.0
Sutton Utd,Sutton United,100.0
Swansea,Swansea City,100.0
Swieqi United FC,Swieqi United FC,100.0
Swindon,Swindon,100.0
Sydney FC,Sydney FC,100.0
Syria U23,Syria U23,100.0
TSV Havelse,Havelse,100.0
Tampico Madero,Tampico Madero,100.0
Tampines Rovers,Tampines Rovers FC,100.0
Tamworth FC,Tamworth,100.0
Tanzania,Tanzanya,100.0
Tapatio,CD Tapatio,100.0
Tarxien Rainbows FC,Tarxien Rainbows FC,100.0
Tatran Presov,1. FC Tatran Presov,100.0
Taubate U20,Taubate SP U20,100.0
Telecom Egypt SC,Telecom Egypt,100.0
Tenerife,Teneriffe,100.0
Teplice,Teplice,100.0
Terengganu,Terengganu FC,100.0
Ternana,Ternana,100.0
Teungueth FC,Teungueth,100.0
Thailand U23,Tayland U23,100.0
The Strongest,The Strongest,100.0
Thun,FC Thun,100.0
Tigres de Alica FC,Tigres de Alica FC,100.0
Tiverton Town,Tiverton Town,100.0
Tivoli Gardens,Tivoli Gardens,100.0
Tolima,CD Tolima,100.0
Tombense MG,Tombense MG,100.0
Tonbridge Angels,Tonbridge Angels,100.0
Tondela,Tondela,100.0
Torino,Torino,100.0
Torque,Torque,100.0
Torreense,Torreense,100.0
Tottenham,Tottenham,100.0
Toulouse,Toulouse,100.0
Trabzonspor,Trabzonspor,100.0
Treasure Beach FC,Treasure Beach FC,100.0
Trefelin,Trefelin,100.0
Trencin,AS Trencin,100.0
Trethomas Bluebirds AFC,Trethomas Bluebirds,100.0
Trindade AC U20,Trindade GO U20,100.0
Tritones Vallarta MFC,Tritones Vallarta Mfc,100.0
Truro City,Truro City,100.0
Tung Sing,Tung Sing,100.0
Tunisia,Tunus,100.0
UNIVERSIDAD O&M,Universidad O&m,100.0
UPDF FC,Updf FC,100.0
US Cremonese,Cremonese,100.0
US Goree,US Goree,100.0
US Latina Calcio,US Latina Calcio,100.0
US Lusitanos Saint Maur,Lusitanos Saint-Maur,100.0
US Ouakam,US Ouakam,100.0
US Pianese,Pianese,100.0
USA,USA,100.0
USM Alger,USM Alger,100.0
USM El Harrach,USM EL Harrach,100.0
USM Khenchela,Usm Khenchela,100.0
UTA Arad,UTA Arad,100.0
Uberlandia MG,Uberlandia MG,100.0
Udinese,Udinese,100.0
Uganda,Uganda,100.0
Uganda Police,Uganda Police Fc,100.0
Ulinzi Stars,Ulinzi Stars FC,100.0
Umraniyespor,Ümraniyespor,100.0
Union Berlin,Union Berlin,100.0
Union Brescia,Union Brescia,100.0
Union Santa Fe,Union De Santa Fe,100.0
Union St Gilloise,Union Saint-Gilloise,100.0
Unirea Slobozia,Fc Unirea 2004 Slobozia,100.0
Univ Catolica (Ecu),CD Univ. Catolica del Ecuador,100.0
Universitatea Craiova,CS Universitatea Craiova,100.0
União de Leiria U23,UD Leiria U23,100.0
Uruguay,Uruguay,100.0
Uthai Thani,Uthai Thani FC,100.0
Uzbekistan,Özbekistan,100.0
Uzbekistan U23,Özbekistan U23,100.0
VVV Venlo,Venlo,100.0
Valencia,Valencia,100.0
Valenciennes,Valenciennes FC,100.0
Valladolid,Valladolid,100.0
Valletta,Valetta,100.0
Vasco da Gama,Vasco da Gama,100.0
Vasco da Gama U20,Vasco Da Gama RJ U20,100.0
Vejle,Vejle,100.0
Velez Sarsfield,Velez Sarsfield,100.0
Velo Clube SP,Velo Clube SP,100.0
Venados FC,Venados FC,100.0
Venezia,Venezia,100.0
Verl,SC Verl,100.0
Verona,Verona,100.0
Versailles 78 FC,Versailles 78,100.0
VfL Osnabruck,VfL 1899 Osnabruck,100.0
Viborg,Viborg,100.0
Vietnam U23,Vietnam U23,100.0
Viktoria Koln,Viktoria Cologne,100.0
Vila Nova U20,Vila Nova GO U20,100.0
Villarreal,Villarreal CF,100.0
Villarreal B,Villarreal B,100.0
Vitesse Arnhem,Vitesse,100.0
Vitoria BA U20,Vitoria BA U20,100.0
Vizela,Vizela,100.0
Vizela U23,Fc Vizela U23,100.0
Vojvodina,Vojvodina,100.0
Volta Redonda,Volta Redonda RJ,100.0
Votuporanguense,Votuporanguense SP,100.0
Vukovar,Vukovar 91,100.0
Waasland-Beveren,SK Beveren,100.0
Wadi Degla,Wadi Degla Sc,100.0
Waldhof Mannheim,SV Waldhof Mannheim 07,100.0
Walsall,Walsall,100.0
Walton & Hersham,Walton and Hersham FC,100.0
Wasquehal,Wasquehal,100.0
Waterhouse FC,Waterhouse FC,100.0
Watford,Watford,100.0
Wealdstone,Wealdstone,100.0
Wellington Phoenix,Wellington Phoenix FC,100.0
Werder Bremen,Werder Bremen,100.0
West Brom,West Bromwich,100.0
West Ham,West Ham United,100.0
Westerlo,VC Westerlo,100.0
Western Sydney Wanderer,Western Sydney,100.0
Western Sydney Wanderers,Western Sydney,100.0
Weston-super-Mare,Weston Super Mare,100.0
Wikki Tourist,Wikki Tourist,100.0
Winterthur,Winterthur,100.0
Wofoo Tai Po,Wofoo Tai Po FC,100.0
Woking,Woking,100.0
Wolfsburg,VfL Wolfsburg,100.0
Worksop Town,Worksop Town,100.0
Worthing,Worthing,100.0
Wrexham,Wrexham,100.0
Wycombe,Wycombe,100.0
XV de Piracicaba,XV De Piracicaba SP,100.0
Yadanarbon,Yadanarbon,100.0
Yarmouk,Yarmouk,100.0
Yellow-Red Mechelen,KV Mechelen,100.0
Yeovil,Yeovil,100.0
York City,York City,100.0
Young Africans,Young Africans,100.0
Young Boys,Young Boys,100.0
Ypiranga RS,Ypiranga RS,100.0
Yuen Long,Yuen Long,100.0
Yverdon Sport,Yverdon-Sport FC,100.0
ZED FC,Zed FC,100.0
Zalaegerszeg,Zalaegerszeg,100.0
Zamalek,El Zamalek,100.0
Zambia,Zambiya,100.0
Zamora,Zamora,100.0
Zaragoza,Real Zaragoza,100.0
Zeleznicar Pancevo,Zeleznicar Pancevo,100.0
Zeljeznicar,Zeleznicar Pancevo,100.0
Zimbabwe,Zimbabve,100.0
Zrinjski,Zrinjski Mostar,100.0
Zulte-Waregem,Zulte Waregem,100.0
Zurrieq,Zurrieq,100.0
Al Hamriyah,,
Al Jazira,,
Al Saqr,,
Galicia EC,,
Nacional SP U20,,
Parma U20,,
Persipa Pati,,
Prisons FC,,
Shan United,,
Sila SC,,
Toluca,,
United FC,,
Zebbug Rangers FC,,
Hapoel Kiryat Shmona,,
FC Santa Coloma,,
Lincoln United FC,,
Al Arabi (JOR),,
Mombasa United,,
Zesco United,,
Kirsehir Belediyespor,,
Talleres,,
Satun United FC,,
Al Najma Club,,
Deportivo Maldonado,,
Al Arabi Kuwait,,
Paris FC,,
Gremio FBPA U20,,
IR Reykjavik,,
Achuapa FC,,
Al Ain,,
Al Hala,,
Ankaraspor,,
FC Juarez,,
Al Msnaa,,
Mazatlan FC,,
Marica RJ U20,,
Tersana SC,,
1461 Trabzon,,
1926 Polatli Belediye Spor,,
68 Aksaray Belediyespor,,
76 Igdir Belediyespor,,
A.C. Trento S.C.S.D.,,
A.S. Gosier,,
AA Portuguesa S U20,,
AA Portuguesa U20,,
AC Oulu,,
AC Port Of Spain,,
AC Taipei,,
ACS Dumbravita,,
ACS Fotbal Club Bacau,,
ACS Muscelul Campulung Elite,,
ACS Petrolul 52,,
ACS Sepsi OSK,,
AD Centro Olimpico U20 (W),,
AD Ceuta FC,,
AFC Leopards SC (Kenya),,
AFC Telford,,
AFC Totton,,
AGF,,
AL Dhaid U19,,
AL Taawon Buraidah U21,,
AL Wakrah U23,,
AL Wasl U19,,
AS Dakar SC,,
AS Douanes Nouakchott,,
AS Pompier,,
AS Roma (W),,
ASA Targu Mures,,
ASC SNIM,,
ASC Walidaan,,
ASD Alcione,,
ASD Camaiore,,
ASM Oran,,
Aalesunds,,
Aali Club,,
Abia Warriors,,
Academia de Balompie Boliviano,,
Academica Vitoria,,
Academico de Viseu,,
Adana 1954 FK,,
Adelaide United (W),,
Adhyaksa FC,,
Admira Wacker,,
Agsu,,
Agua Santa,,
Aguia de Maraba FC U20,,
Aguilas Doradas,,
Akor FC Jombang,,
Al Adalah U21,,
Al Ahli,,
Al Ahli (BRN),,
Al Ahli (QAT),,
Al Ahli (UAE),,
Al Ahly Cairo,,
Al Ain U19,,
Al Arabi (QAT),,
Al Batin,,
Al Budaiya,,
Al Dhafra,,
Al Faisaly ( KSA ),,
Al Faisaly Amman,,
Al Feiha U21,,
Al Fujairah U19,,
Al Gharafa,,
Al Hikma,,
Al Hilal Omdurman,,
Al Hussein SC,,
Al Ittihad (EGY),,
Al Ittihad Kalba U19,,
Al Jazira Al Hamra,,
Al Jazira U19,,
Al Jeel,,
Al Jubail,,
Al Kholood U21,,
Al Madina Al Monawara SC,,
Al Merreikh,,
Al Mokawloon,,
Al Najma (BRN),,
Al Nasar (KUW),,
Al Nasr (UAE),,
Al Nasr SC U19,,
Al Orubah,,
Al Orubah U21,,
Al Rams U19,,
Al Ramtha,,
Al Rayyan Ar Rawdah,,
Al Riffa,,
Al Riyadh SC,,
Al Riyadi Al Abassiya,,
Al Salt,,
Al Shahaniya U23,,
Al Sharjah,,
Al Taee,,
Al Wahda (Abu Dhabi),,
Al Wahda Abu Dhabi U19,,
Al Wakrah U23,,
Al Wasl,,
Al-Adalh,,
Al-Ahli Doha U23,,
Al-Ansar,,
Al-Anwar Club,,
Al-Arabi Al-Saudi,,
Al-Arabi Umm Quwain,,
Al-Baq'a,,
Al-Bourj FC,,
Al-Duhail SC,,
Al-Duhail SC U23,,
Al-Fateh (KSA),,
Al-Feiha,,
Al-Fujairah FC,,
Al-Gharafa SC U23,,
Al-Hazm (KSA),,
Al-Hilal Riyadh U21,,
Al-Ittifaq Maqaba,,
Al-Ittihad,,
Al-Jazira Club U21,,
Al-Kholood Club,,
Al-Lewaa,,
Al-Mudhaibi,,
Al-Nassr Riyadh U21,,
Al-Quadisiya (KSA),,
Al-Raed (KSA),,
Al-Sailiya U23,,
Al-Shabab (KSA),,
Al-Shabbab (BRN),,
Al-Sharjah U21,,
Al-Taawoun Buraidah,,
Al-Thaid,,
Al-Ula FC,,
Al-Wahda (KSA),,
Al-Washm,,
Al-Wehdat,,
Al-Zulfi SC,,
Alagoinhas U20,,
Albion FC,,
Albirex Niigata (SIN),,
Albirex Niigata FC II,,
Alhashemyya,,
Aliaga Futbol AS,,
Alianza FC (SLV),,
Alloa,,
Altay,,
Altinordu,,
Always Ready,,
Amed Sportif Faaliyetler,,
America de Cali S.A,,
Amman,,
Anderlecht B,,
Andraus Brasil,,
Ankara Demirspor,,
Ankaragucu,,
Annan,,
Antigua GFC,,
Araz Nakhchivan PFK,,
Arda,,
Arema Cronus,,
Arges Pitesti,,
Aritma Praha,,
Arsenal (W),,
Arsenal U19,,
Arsenal U21,,
Aston Villa (W),,
Atalanta B,,
Athletic Bilbao U19,,
Athletic Club,,
Athletico-PR,,
Atlantico FC,,
Atlas,,
Atlas U21,,
Atletic Club Escaldes,,
Atletico Bucaramanga,,
Atletico Madrid (W),,
Atletico PI U20,,
Atletico Paranaense U20,,
Atletico San Luis (W),,
Audax U20,,
Aurora Pro Patria 1919,,
Austria Klagenfurt,,
Austria Wien (A),,
Avai,,
Ayr,,
Azuriz FC,,
BST Galaxy,,
Bahia,,
Bahir Dar FC,,
Bahla,,
Baku Sporting,,
Baladeyet Al-Mahalla,,
Balestier Khalsa,,
Balestier Khalsa II,,
Balikesirspor,,
Bandari FC (Kenya),,
Bangu,,
Bani Yas,,
Barcelona (W),,
Barcelona Futebol Clube,,
Barnsley U21,,
Basake Holy Stars FC,,
Bashundhara Kings,,
Batavia FC,,
Batman Petrolspor,,
Bayelsa United FC,,
Bayern Munich (W),,
Beauvais,,
Bechem United,,
Beijing Guoan,,
Belediye Derincespor,,
Belgrano,,
Bench Maji Bunna,,
Benfica U21,,
Beni Mazar,,
Besa Kavaje,,
Betim Futebol,,
Betis B,,
Betis Sevilla U19,,
Beykoz Anadolu Spor,,
Biesheim,,
Bihar,,
Bihor Oradea,,
Birmingham (W),,
Birmingham U21,,
Blackburn U21,,
Blooming Santa Cruz,,
Bnei Sakhnin,,
Bnei Yehuda,,
Bodo/Glimt U19,,
Bodrum Belediyesi Bodrumspor,,
Bolivia,,
Bolton,,
Borac Banja Luka,,
Bourg-en-Bresse,,
Bournemouth U21,,
Bregenz,,
Breidablik,,
Brighton (W),,
Brighton U21,,
Brisbane Roar FC (W),,
Bristol City (W),,
Bristol City U21,,
Bromley U21,,
Brothers Union,,
Brunei DPMM FC,,
Bryne,,
Bucaspor,,
Buhimba Saints United,,
Bulancakspor,,
Bulvarspor,,
Buriram Utd,,
Burnley U21,,
Bursa Nilufer 2021 FK,,
Bursa Yildirim Spor,,
Bursaspor,,
CA Batna,,
CA Juventus,,
CA Osasuna II,,
CA Penarol de Parana,,
CA Union de Crespo,,
CD Aguila,,
CD Cacahuatique,,
CD Gualberto Villarroel,,
CD Luis Angel Firpo,,
CD Motagua,,
CD Nacional Funchal,,
CD Tepatitlan De Morelos,,
CDT Real Oruro,,
CE Carroi,,
CF America (W),,
CF Bihorul Beius,,
CS Afumati,,
CS Gloria 2018 Bistrita-Na,,
CS Tunari,,
CSC 1599 Selimbar,,
CSD Municipal,,
CSM Satu Mare,,
CSM Scolar Resita,,
CSM Slatina,,
Cacereno,,
Cafe Sidama,,
Cagliari U20,,
Calcio Avellino SSD,,
Caledonia AIA,,
Cambuur Leeuwarden,,
Cameroon,,
Canaa Esporte Clube U20,,
Canberra United (W),,
Canet Roussillon FC,,
Capivariano U20,,
Cardiff City U21,,
Carpi,,
Cascada SC,,
Cascavel PR U20,,
Catania,,
Cavese 1919,,
Ceahlaul,,
Ceara SC Fortaleza,,
Cebrayil FK,,
Celaya,,
Central & West DR & SA,,
Central Coast Mariners (W),,
Central FC,,
Cerezo Osaka Sakai (W),,
Cerro,,
Chainat Hornbill,,
Chapelton,,
Charlton U21,,
Chelsea (W),,
Chelsea U21,,
Chemal FC,,
Chesterfield (Res),,
Chindia Targoviste,,
Cibao FC,,
City FC,,
Club Brugge B,,
Club Brugge U19,,
Club CDM,,
Club Football Estrela,,
Club Independiente Petrolero,,
Club Leon FC (W),,
Club Necaxa (W),,
Club Rivadavia Lincoln,,
Club Tijuana (W),,
Colchester United U21,,
Comercial FC U20,,
Comoros,,
Concordia Chiajna,,
Cong An Nhan Dan,,
Cong an TP HCM U19,,
Connahs Quay,,
Consett,,
Cordobes Futbol Club,,
Cork City,,
Corlu 1947 Spor,,
Cormontreuil,,
Correcaminos (Premier),,
Coventry City U21,,
Cr Temouchent,,
Crewe,,
Criciuma,,
Croatia,,
Croix Iris Club,,
Crusaders,,
Cruz Azul (W),,
Crvena Zvezda,,
Crystal Palace (W),,
Cs Cartagines,,
Cusco FC,,
Customs United,,
Dag and Red,,
Dagon FC,,
Dagon Port FC,,
Daring Brussels,,
Dejan FC,,
Deportivo,,
Deportivo Cali,,
Deportivo Irapuato FC,,
Deportivo Mictlan,,
Deportivo Mixco,,
Deportivo Pasto,,
Derby (Res),,
Derby U21,,
Dhaka Abahani,,
Dhamk,,
Dhufar,,
Dibba Al Fujairah,,
Dibba Al-Hisn,,
Dijon (W),,
Dila Gori,,
Dinamo Minsk U19,,
Dinamo Tbilisi U19,,
Dire Dawa Kima FC,,
Diyarbekirspor,,
Dong Nai U19,,
Doqarah FC,,
Dorados,,
Dortmund U19,,
Dover,,
Dragones Toluca,,
Drenica Skenderaj,,
Durham (W),,
Dynamo Kyiv U19,,
EC Sao Jose Porto Alegre,,
EC Vitoria Salvador,,
ENPPI,,
ES Mostaganem,,
ES Setif,,
ESM Kolea,,
Eastbourne,,
Eastern AA,,
Eastern District SA,,
Edirnespor,,
Egypt,,
El Alameen,,
El Geish,,
El Gounah,,
El Kanemi Warriors,,
El Minya,,
El Qusiya SC,,
Elazigspor,,
Emirates Club,,
England,,
Entebbe FC,,
Entente Feignies Aulnoye FC,,
Enugu Rangers International,,
Erbaaspor,,
Erciyes 38 FSK,,
Erokspor A.S,,
Erzincanspor,,
Erzurum BB,,
Esan Pattaya,,
Esbjerg,,
Eskisehirspor,,
Esporte Clube Avenida,,
Esporte Clube Primavera,,
Esporte Clube de Patos,,
Esporte de Patos U20,,
Estrela U23,,
Etihad Al Ramtha,,
Etimesgut Belediyespor,,
Everton (W),,
Everton U21,,
Exeter City U21,,
FC Aragvi Dusheti,,
FC Atlas (W),,
FC Crotone U19,,
FC Fastav Zlin B,,
FC Guidonia Montecelio 1937,,
FC Hunedoara,,
FC Iberia 1999,,
FC Iberia Tiblisi 1999 II,,
FC Juarez (W),,
FC Koln U19,,
FC Liege,,
FC Lokomotivi Tbilisi,,
FC Maccabi Kiryat Gat Dudu,,
FC Meshakhte Tkibuli,,
FC Midtjylland U19,,
FC Noah,,
FC Nurnberg (W),,
FC Odishi 1919,,
FC Osaka,,
FC Oss,,
FC Real Koyari,,
FC Sabah,,
FC Sellier & Bellot Vlasim,,
FC Telavi,,
FC Voluntari,,
FC Wil,,
FCSB,,
FCSB U19,,
FCV Dender,,
FK Arsenal Tivat,,
FK Bokelj,,
FK Crvena Zvezda U19,,
FK Decic,,
FK Javor Ivanjica,,
FK Mladost Donja Gorica,,
FK Mornar,,
FK Napredak,,
FK Podgorica,,
FK Qabala,,
FK Spartak,,
FK Sumqayit,,
FK Sutjeska,,
Fafe,,
Fakirapool Young Men,,
Fanja,,
Fatsa Belediyespor,,
Fayoum FC,,
Ferroviaria DE U20,,
Ferroviario CE U20,,
Fk Buducnost Podgorica,,
Fk Jedinstvo Bijelo Polje,,
Fk Jezero,,
Fk Velez Mostar,,
Flamengo U20 (W),,
Flamengo de Guarulhos U20,,
Fleetwood Town U21,,
Fleury 91 (W),,
Fleury Merogis,,
Floridsdorfer AC,,
Foggia,,
Fontenay Vendee,,
Forest Green,,
Forfar,,
Fortis FC Limited,,
Fortune FC,,
Fram,,
Freiburg (W),,
Fuji University,,
Fylkir,,
G-Osaka,,
GD Estoril Praia U23,,
GDL FC,,
GVVV,,
Galata SK,,
Genk U19,,
Genoa U20,,
Geylang International II,,
Giresunspor,,
Golden Gate SC,,
Granada (W),,
Grazer AK,,
Gremio Desportivo Sao-Carl,,
Gremio Novorizontino U20,,
Gremio Prudente,,
Gremio Prudente U20,,
Gremio U20 (W),,
Gresik United,,
Guabira,,
Guadalajara (W),,
Guarani,,
Guarani (Par),,
Guarany de Bage,,
Gulf United,,
Gyori,,
HJK Helsinki U19,,
HK Rangers U22,,
Hadiah Hosanna FC,,
Hafnarfjordur,,
Haguenau,,
Halcones de Zapopan,,
Hampton and Richmond,,
Hang Yuen FC,,
Hanthawaddy United FC,,
Hanwell,,
Hapoel Akko,,
Hapoel Ironi Karmiel,,
Hapoel Umm Al Fahm,,
Harrow Borough FC,,
Hart FC,,
Hatta,,
Hawassa Kima FC,,
Hearts B,,
Hercules,,
Hibernian U19,,
Hiroshima Regina (W),,
Hoang Anh Gia Lai,,
Hobro,,
Hoffenheim (W),,
Hoffenheim II,,
Hong Kong Rangers FC,,
Hougang United II,,
Hull City U21,,
Ikorodu City,,
Imisli FK,,
Inegolspor,,
Inkilapspor,,
Inter Limeira U20,,
Inter Playa Del Carmen,,
International Pacific U,,
Ipswich Town U21,,
Iskenderunspor,,
Isparta 32 Spor,,
Italy U19,,
Jaalan,,
Jef Utd Chiba,,
Jerash,,
Jerash SC,,
Joinville,,
Jordan,,
Jordan U23,,
Jorge Wilstermann,,
Junior FC Barranquilla,,
Juventude,,
Juventus B,,
Juventus FC (W),,
Juventus U19,,
Jwaya SC,,
KAA Gent II,,
KCB,,
KF Ferizaj,,
KF Tirana,,
KFC Komarno,,
KFCO Beerschot Wilrijk,,
KS Skenderbeu Korce,,
KS Teuta Durres,,
KSV 1919,,
KaPa,,
Kaedi FC,,
Kahramanmaras Istiklal Spor,,
Kahramanmarasspor,,
Kalba U23,,
Kampala City Council,,
Kanchanaburi Power,,
Kapaz Ganja,,
Karabuk Idmanyurdu,,
Karacabey Belediyespor AS,,
Karadeniz Eregli Belediye,,
Karakopru Belediyespor,,
Karaman Belediyespor,,
Karsiyaka,,
Karvan Evlakh,,
Kasem Bundit University,,
Kastamonuspor,,
Kaya,,
Kelantan Red Warrior FC,,
Kepez Belediyespor,,
Kettering Town FC,,
Kfarsoum,,
Khonkaen,,
Kilis Bld.Spor,,
Kingstonian,,
Kirikkale Buyuk Anadolusp,,
Kirklarelispor,,
Korabi Peshkopi,,
KuPS,,
Kuching FA,,
Kucukcekmece Sinop Spor,,
Kuwait SC,,
Kyoto Sangyo University,,
LDU,,
LKP Motor Lublin,,
LR Vicenza Virtus,,
La Horquetta Rangers FC,,
Lanus,,
Lask Linz,,
Ld Alajuelense,,
Le Havre AC (W),,
Lebanon U23,,
Lechia Gdansk,,
Lee Man Warriors,,
Leeds United U21,,
Leicester City (W),,
Leicester U21,,
Leiknir R,,
Leonesa,,
Leverkusen U19,,
Leyton Orient U21,,
Libertad,,
Lierse,,
Lincoln Red Imps,,
Lion City Sailors II,,
Liverpool (W),,
Lokomotiva Zvolen,,
London City Lionesses,,
Lopburi City FC,,
Lugazi FC,,
Lusail,,
Luverdense U20,,
Lyon (W),,
Lyon Duchere,,
MC El Bayadh,,
MFk Skalica,,
MK Dons,,
MK Kfar Saba 1928,,
MOIK Baku,,
MS Bnie Jaffa Ortodoxim,,
MS Tamea,,
MSK Zilina U19,,
Ma'an,,
Maccabi Ahi Nazareth,,
Maccabi Haifa U19,,
Maccabi Kabilio Jaffa,,
Maccabi Kiryat Ata-Bialik,,
Maidenhead,,
Maidstone Utd,,
Majd FC,,
Malacateco,,
Malisheva,,
Malkiya,,
Mallawi SC,,
Man City,,
Man City (W),,
Man City U19,,
Man City U21,,
Man Utd,,
Man Utd (W),,
Man Utd U21,,
Manama Club,,
Manisa FK,,
Marcilio,,
Marcq en Baroeul,,
Maroons FC,,
Masfut,,
Mazatlan FC(W),,
Mbarara City FC,,
Mebrat Hayl,,
Medina United FC,,
Melbourne City (W),,
Melbourne Victory (W),,
Menemen Belediyespor,,
Mersin Idman Yurdu,,
Metalul Buzau,,
Middlesbrough U21,,
Migori (Res),,
Millwall U21,,
Ming Chuan University,,
Misr El Makasa,,
Mladost Lucani,,
Modern Sport FC,,
Mohammedan Dhaka,,
Molynes United FC,,
Montaneses FC,,
Monterrey (W),,
Montpellier (W),,
Morton,,
Muglaspor,,
Municipal Perez Zeledon,,
Mus Spor,,
Mwatate,,
NEOM Sports Club,,
NK Maribor,,
Nacional (Uru),,
Nam Dinh,,
Nantes FC (W),,
Nantes U19 FC,,
Napoli Calcio (W),,
Nazilli Belediyespor,,
Nchanga Rangers,,
Neftchi Baku,,
Negele Arsi Ketema,,
Neom SC U21,,
Neuchatel Xamax,,
Newcastle Jets (W),,
Newcastle U21,,
Newcastle United U19,,
Newcastle Utd (W),,
Newells,,
Newport County,,
Niger Tornadoes,,
Niigata University H&W FC,,
Nizwa,,
Nk Posusje,,
Nogoom Masr,,
Noroeste Bauru,,
North District U22,,
North Esporte Clube,,
Norwich U21,,
Nottingham Forest U21,,
Nottm Forest (W),,
Nouadhibou,,
Nouakchott Kings,,
Nuovo Campobasso,,
OB,,
OFK Petrovac,,
OLS,,
Oeste,,
Olancho,,
Oldham,,
Olimpia,,
Olimpico Itabaianinha U20,,
Olympic El Qanal,,
Olympique de Marseille (W),,
Omonia,,
Operario Ferroviario EC U20,,
Orense Sporting Club,,
Oriente Petrolero,,
Oud-Heverlee Leuven (W),,
PFK Turan Tovuz,,
PS Hizbul Wathan,,
PSBS Biak Numfor,,
PSDS Deli Serdang,,
PSG U21,,
PSID Jombang,,
PSMP Mojokerto,,
PSPS Pekanbaru,,
PSV Eindhoven U21,,
PWD Sports Club,,
Pachuca (W),,
Pafos U19,,
Paola Hibernians FC,,
Paris FC (W),,
Paris St-G,,
Paris St-G (W),,
Paris St-G U19,,
Partick,,
Paulinia FC U20,,
Pazarspor,,
Pekanbaru FC,,
Penarol,,
Penya Encarnada,,
Penybont FC,,
Perigny,,
Persebata Lembata,,
Perseden Denpasar,,
Persema Malang,,
Persenga Nganjuk,,
Persepon Ponorogo,,
Perserang Serang,,
Perseta Tulungagung,,
Persiba Bantul,,
Persibo Bojonegoro,,
Persida Sidoarjo,,
Persik Kediri,,
Persikutim United,,
Persinga Ngawi,,
Persipal FC,,
Persita Tangerang,,
Persitara Jakarta Utara,,
Perth Glory (W),,
Pesaro,,
Pescara,,
Peterborough United U21,,
Piast Gliwice,,
Plateau United,,
Platense FC,,
Plzen,,
Podbrezova,,
Pohang Steelers,,
Point Fortin FC,,
Poli Iasi,,
Police FC,,
Pontevedra CF,,
Pontivy,,
Port FC,,
Porto U19,,
Portsmouth (W),,
Prachuap,,
Preston,,
Preston North End U21,,
Pride of Gall Hill,,
Prime Bangkok,,
Progreso,,
Psbi Blitar,,
Psgc Ciamis,,
Puebla U21,,
Pulau Pinang,,
Pumas UNAM (W),,
Pusamania Borneo FC,,
Puskas Akademia FC U19,,
Qatar U23,,
Queens Park Rangers U21,,
Queretaro (W),,
Queretaro U21,,
RANS Nusantara FC,,
RB Leipzig (W),,
RC Lens (W),,
RZ Pellets WAC,,
Racing Beirut,,
Racing Club,,
Racing Club (Uru),,
Racing Genk B,,
Radcliffe Borough,,
Radnik Bijeljina,,
Rahmatganj MFS,,
Railways FC,,
Raith,,
Rakhine Utd,,
Rangers,,
Raon l'Etape,,
Ravenna,,
Rayon Sports FC,,
Reading U21,,
Real Brasilia FC U20,,
Real Espana,,
Real Madrid Castilla,,
Real Madrid FC (W),,
Real Oviedo II,,
Real Tomayapo,,
Red Bull Bragantino U20,,
Red Bull Salzburg,,
Remo,,
Remo Stars,,
Retro U20,,
Rio Branco ES Youth,,
River Plate,,
Roma U20,,
Rousset Ste Victoire,,
Royal Thai Air Force Acade,,
Rudar Pljevlja,,
Rudar Prijedor,,
S.L. Benfica (W),,
SA Merignac,,
SC Dimona,,
SC Internacional PA U20 (W),,
SC Kiryat Yam,,
SC Kiyovu,,
SC Uniao Torreense U23,,
SD Juazeirense,,
SE Palmeiras,,
SG Essen-Schonebeck (W),,
SKN St. Polten (W),,
SKU Amstetten,,
SS Virtus Verona 1921,,
SSV Ulm,,
SV Britannia,,
SV Caiquetio,,
SV Estrella,,
SV La Fama,,
SV River Plate,,
Sabail,,
Saint-Etienne (W),,
Sakaryaspor,,
Salalah SC,,
Salernitana U19,,
Samma,,
Samut Sakhon City FC,,
Samut Songkhram City,,
San Juan FC,,
San Juan Jabloteh,,
Sang Maestro,,
Sanliurfaspor,,
Santa Fe,,
Santos Laguna (W),,
Santos U20 (W),,
Sao Bento U20,,
Sarajevo,,
Sariyer G.K.,,
Sassari Torres,,
Sassuolo U20,,
Schalke 04 II,,
Scotland,,
Sderot FC,,
Serik Belediyespor,,
Servette FC U21,,
Sevilla B,,
Shabab Al Ahli Dubai U19,,
Shabab Al Ahli U23,,
Shabab Al Ordon,,
Shabana,,
Shafa Baku FC,,
Shamakhi FK,,
Sheff Utd U21,,
Sheff Wed,,
Sheff Wed U21,,
Sheffield United (W),,
Siena,,
Sighetu Marmatiei,,
Silifke Belediye Spor,,
Silivrispor,,
Silsden AFC,,
Simal FK,,
Singapore (W),,
Siroki Brijeg,,
Sitra,,
Slaven Belupo,,
Slovan Liberec,,
Sohar,,
Soke 1970 Spor Kulubu,,
Somaspor Spor Kulubu,,
Sonderjyske,,
South Africa,,
South China,,
South Korea U23,,
Southampton U21,,
Southern District,,
Spain U19,,
Sparta Prague B,,
Sport Club do Recife U20,,
Sport Recife,,
Sporting Braga U23,,
Sporting CP U21,,
Sporting Cristal,,
Sporting Lisbon U23,,
St Andrew Lions,,
St Polten,,
St. Patrick F.C.,,
Stade Briochin,,
Standard,,
Steve Biko FC,,
Stjarnan,,
Stockport County U21,,
Stoke U21,,
Strasbourg (W),,
Stuttgart II,,
Sudtirol,,
Suhul Shire,,
Sunderland (W),,
Sunderland U21,,
Sur Club,,
Suvermez Kapadokya Spor,,
Swansea U21,,
Swedru All Blacks FC,,
Switzerland,,
Sydney FC (W),,
TMT FC,,
TPS,,
Tabora United FC,,
Tadamon Sour,,
Tai Po U22,,
Taichung Futuro FC,,
Taichung Rock FC,,
Taipower,,
Taiwan Steel,,
Talavera CF,,
Tampines Rovers II,,
Tanjong Pagar United II,,
Tanta,,
Tatung FC,,
Taubate,,
Team Altamura,,
Team FC,,
Team Rhino FC,,
Techiman Eleven Wonders,,
Tecos FC,,
Tegevajaro Miyazaki,,
Tekstilac Odzaci,,
Tel Bani Swaif,,
Terminix Rangers,,
Ternana (W),,
Thailand (W),,
Thitsar Arman FC,,
Tigre,,
Tigres,,
Tigres (W),,
Tijuana,,
Tijuana U21,,
Tlaxcala F.C,,
Tobago FC Phoenix,,
Tokushima,,
Toluca (W),,
Torino U20,,
Torquay,,
Torrent CF,,
Tottenham (W),,
Tractor Sazi FC,,
Tranent Juniors,,
Tranmere,,
Trapani,,
Trat,,
Tuna Luso U20,,
Turk Metal 1963,,
Twente (W),,
UAE,,
UD Poblense,,
UD Samano,,
UE Santa Coloma,,
UM das Cruzes U20,,
URT,,
Udon Banjan United,,
Uganda Revenue Authority,,
Ujpest,,
Umm Salal,,
Umm-Salal U23,,
Uniao EC Rondonopolis (Res),,
United Arab Emirates U23,,
Univ Catolica (Chile),,
Universidad Guadalajara,,
Universitario de Vinto,,
Universitatea Cluj,,
Valerenga (W),,
Van Buyuksehir Belediyespor,,
Varazdin,,
Vasco Da Gama,,
Vega Real,,
Velez Mostar,,
Velo Clube Rioclarense U20,,
Vendee Les Herbiers,,
Villa Belgrano,,
Villarreal CF III,,
Villefranche Beaujolais,,
Vipers SC,,
Vozdovac,,
Vysocina Jihlava,,
WSE,,
WSG Wattens,,
Waanal Brothers FC,,
Wanderers (Uru),,
Waterford,,
Watford U21,,
Wehen Wiesbaden,,
Welayta Dicha,,
Wellington Phoenix (W),,
Welwalo Adigrat University,,
Werder Bremen (W),,
West Brom U21,,
West Ham U21,,
West Ham United (W),,
Western Sydney Wanderers (W),,
Wigan,,
Wigan Athletic U21,,
Willem II,,
Wolfsburg (W),,
Wolverhampton Wanderers (W),,
Wolves,,
Wolves U21,,
XV Jau U20,,
XV de Piracicaba U20,,
Xelaju,,
Yangon United,,
Yeka Kifle Ketema,,
Yeni Amasyaspor,,
Yesil Yalova FK,,
Zaglebie Lubin,,
Zaqatala,,
Zemplin,,
Zilina,,
Zira,,
Zitacuaro CF,,
Zlate Moravce,,
Zlin,,
Zonguldakspor,,